Id,MSSubClass,MSZoning,LotFrontage,LotArea,Neighborhood,OverallQual,OverallCond,YearBuilt,YearRemodAdd,TotalBsmtSF,GrLivArea,FullBath,HalfBath,BedroomAbvGr,TotRmsAbvGrd,GarageCars,SalePrice
1,70,RL,81,7497,OldTown,7,5,1995,1995,717,2432,2,0,2,7,3,367413
2,45,RM,88,10320,Gilbert,5,5,1941,1951,919,1745,2,0,2,4,1,234234
3,190,RL,20,10203,BrkSide,7,5,1963,1998,1770,1945,2,1,3,6,2,236823
4,160,RM,101,9843,CollgCr,7,7,1935,1999,785,1738,1,0,3,9,1,294019
5,80,RL,66,10662,Blmngtn,5,6,1902,1980,1358,1687,2,0,3,7,1,286644
6,190,RL,54,13525,Timber,6,6,1896,1986,864,1068,2,1,3,6,2,235647
7,50,FV,66,7804,StoneBr,4,8,1957,1990,1239,1276,2,0,3,6,3,267207
8,70,RL,40,4398,Somerst,8,8,1901,1990,1024,1535,1,1,3,9,1,346441
9,120,RL,90,17260,Crawfor,5,6,1987,1987,1120,1175,2,1,3,6,3,259883
10,40,RM,63,14857,SWISU,5,5,1896,1983,1197,1083,1,1,4,8,2,235391
11,70,RL,55,6085,Mitchel,6,7,1894,2000,950,1397,2,1,2,6,2,267341
12,160,RL,66,11042,Veenker,7,5,1993,2004,1199,1197,2,0,2,7,1,275775
13,160,RM,92,14542,ClearCr,5,6,1927,2008,1543,1524,1,0,3,5,2,271121
14,80,RL,72,13496,Blueste,6,6,1992,1992,748,1278,1,2,2,8,2,345643
15,50,RM,41,12348,NoRidge,5,6,1976,1976,1524,1157,2,0,0,8,2,278714
16,45,RL,79,9819,Sawyer,5,5,1970,1970,943,1036,2,0,4,7,2,237216
17,80,RM,51,17409,Sawyer,6,6,1895,1963,901,1503,1,1,3,4,2,329318
18,80,RL,26,11383,SWISU,5,8,1977,1995,1329,1944,2,0,3,7,2,361854
19,40,RH,99,8440,NPkVill,5,4,1990,1990,913,1825,2,0,3,6,2,322366
20,60,RM,79,13984,NridgHt,7,5,1880,1984,1177,736,2,0,3,6,3,236939
21,50,RL,68,10884,Edwards,4,6,1920,1950,1140,1929,2,0,5,8,2,392355
22,30,RL,63,11899,Timber,6,9,1927,1997,216,1821,1,0,2,8,1,203552
23,80,C (all),97,11312,Edwards,5,4,1987,1987,1217,1943,2,1,3,6,2,227009
24,180,RL,131,12487,NWAmes,2,2,1982,1982,473,2041,1,1,3,11,2,261022
25,60,RL,78,6586,Edwards,4,3,2007,2007,504,1136,1,1,3,9,1,211061
26,30,RL,49,4695,Crawfor,6,3,1909,1966,1196,1350,1,0,3,7,2,173404
27,180,RL,66,16236,Edwards,6,8,1924,1977,1264,2395,2,0,4,7,2,331297
28,50,RL,78,11498,OldTown,2,6,1959,1999,1532,2365,2,0,3,9,2,295287
29,20,RL,23,13583,NAmes,3,6,1918,1975,614,1461,1,0,3,7,1,206040
30,180,RL,76,3460,Crawfor,8,5,1924,1957,753,1801,2,0,3,7,3,345425
31,120,RL,78,14766,Timber,3,7,1957,1983,1235,1845,2,0,4,8,3,259269
32,60,RL,96,8414,NPkVill,8,4,1960,2008,1539,2378,2,0,3,6,3,384788
33,190,RL,94,7275,Gilbert,4,5,1972,1972,1126,1672,2,0,3,9,1,315969
34,180,RL,72,10246,NridgHt,7,5,1911,1980,698,893,1,2,3,7,2,287391
35,90,FV,100,6588,NoRidge,5,4,1903,2008,1652,1261,1,0,2,7,2,260112
36,20,RL,110,10493,Edwards,7,5,1995,1995,945,3066,2,1,2,5,2,427460
37,160,RL,70,9954,Timber,6,5,1892,1965,957,870,1,0,5,6,1,258963
38,160,RM,78,14741,BrkSide,5,3,1958,2007,475,1525,1,0,3,6,2,222339
39,120,RL,34,16553,Somerst,3,4,1935,1959,1339,2656,2,0,2,6,3,338221
40,180,RM,40,16426,SWISU,7,6,1932,1989,1391,1100,2,0,4,8,1,284139
41,180,RL,53,1441,ClearCr,6,2,1947,1961,767,334,2,0,3,6,1,224980
42,40,RL,61,6759,Blueste,1,8,1913,1971,1750,334,1,0,3,5,1,130880
43,180,RL,48,1400,Veenker,1,4,1907,1965,815,1102,1,1,2,7,1,164611
44,70,RL,69,5725,BrkSide,7,7,1929,1961,1300,618,2,0,4,7,2,228621
45,45,RL,61,7901,NPkVill,5,7,2009,2009,1139,2018,1,0,3,5,2,331696
46,90,RL,91,12142,Somerst,6,8,1990,1990,239,1634,1,0,3,3,1,235737
47,40,RL,60,8420,Crawfor,5,7,1973,2000,1267,433,1,0,1,9,2,206986
48,50,RL,24,8531,ClearCr,7,5,1926,1950,1231,702,2,1,3,5,2,264518
49,40,RL,72,11227,Somerst,8,5,1905,1976,343,2120,1,0,2,9,1,267901
50,70,RL,69,3662,NWAmes,10,5,1963,1963,1660,1596,1,0,4,6,2,283490
51,50,RL,52,7145,CollgCr,4,4,1985,1985,1233,2216,1,0,2,7,1,346612
52,90,RL,71,8485,BrDale,7,2,1971,1979,1545,2059,1,1,3,5,2,318746
53,70,RL,48,9690,CollgCr,5,7,1999,1999,363,924,1,0,1,8,1,174210
54,30,RL,76,10807,Mitchel,6,5,1954,2002,885,1940,2,1,2,5,2,256823
55,45,RM,122,16502,Somerst,6,6,2001,2003,1522,1781,2,0,3,6,1,313059
56,90,RL,33,14133,SawyerW,2,8,1920,1986,422,519,1,1,3,6,4,209232
57,180,RM,59,7422,Veenker,8,6,1931,1950,897,819,1,1,3,8,2,266451
58,30,RL,56,9454,MeadowV,3,6,1961,1991,1212,2718,1,1,5,8,2,344769
59,120,RL,61,9182,MeadowV,6,7,1953,1998,292,1036,1,0,4,6,2,226489
60,90,RH,90,8443,SawyerW,7,4,1945,1953,521,1705,1,0,2,6,1,295417
61,120,RL,80,11590,Blueste,7,5,1903,1964,1602,1404,1,0,4,8,2,295427
62,50,RL,86,3060,IDOTRR,4,9,1907,2000,1073,1591,1,0,3,9,2,276909
63,30,RM,70,14022,Blmngtn,5,8,1996,1996,1520,1437,3,0,4,7,2,243086
64,45,RL,43,17274,NWAmes,7,7,1993,1993,1122,1982,1,1,2,9,0,323882
65,180,RM,47,9420,IDOTRR,5,5,1940,2009,2032,1969,2,0,4,6,1,323546
66,180,RL,84,9342,SWISU,5,7,1948,2009,1225,1558,1,0,2,5,2,297730
67,70,FV,73,11128,Sawyer,5,3,1993,1993,1557,1047,1,1,3,5,1,209026
68,180,RL,95,14577,Timber,5,4,1954,1964,951,1215,2,0,1,7,2,236938
69,190,RL,75,9202,IDOTRR,8,5,1938,1976,1134,712,1,1,2,6,1,288650
70,80,FV,46,14235,OldTown,5,5,2009,2009,1306,1332,1,1,3,5,3,303173
71,40,RL,59,12453,NoRidge,6,5,1894,1988,1373,616,2,1,4,6,2,299733
72,20,RH,81,19946,Edwards,5,5,1984,1996,1034,1609,2,1,3,7,1,253453
73,45,RL,84,9185,SWISU,5,4,1977,1977,1051,1647,1,0,2,5,2,201110
74,30,RL,87,2595,SawyerW,2,5,1914,1979,1250,2002,1,0,2,3,2,236614
75,80,RL,49,4768,Blmngtn,5,7,1910,2007,1250,889,2,0,3,9,2,142603
76,45,RL,45,10547,Blueste,5,6,2006,2006,639,923,2,0,4,6,2,265426
77,30,RL,66,14611,ClearCr,6,4,1898,1991,1139,2262,1,0,2,6,0,302035
78,60,RM,98,7889,Gilbert,5,5,1903,1967,1178,815,1,1,3,7,1,232895
79,60,RM,56,9576,IDOTRR,5,6,1963,1963,659,2525,2,0,2,8,2,347030
80,120,RH,79,13239,Gilbert,5,5,1971,1996,1412,1038,1,0,3,7,3,315180
81,45,RL,79,6639,Mitchel,5,5,1997,1997,1215,1041,1,1,2,6,3,166352
82,60,RL,85,8054,BrkSide,8,6,1926,1971,1982,1921,2,0,2,9,1,245788
83,190,RL,103,5829,Crawfor,6,9,1982,1982,1039,1774,1,0,2,7,2,274110
84,30,RL,101,15212,OldTown,2,4,2000,2000,1504,2320,2,0,2,6,3,292738
85,120,RL,58,16666,ClearCr,2,5,1973,1984,1265,554,2,1,2,7,0,172019
86,180,RL,28,4182,Blmngtn,9,5,1921,1996,1818,1766,2,1,3,7,2,371700
87,30,RL,56,9931,Sawyer,4,5,1990,1990,662,1477,1,1,2,7,2,259762
88,120,RL,71,16129,Blmngtn,7,4,1908,1982,851,961,1,0,2,9,2,198264
89,45,RL,62,12094,StoneBr,3,4,2003,2003,675,2440,1,1,2,7,2,258993
90,80,RL,109,8543,NPkVill,8,5,1896,1997,1018,1617,1,0,4,9,3,307069
91,70,RL,70,4315,Crawfor,7,8,1893,1950,600,1468,1,0,3,7,1,260319
92,180,RL,83,15111,NridgHt,6,6,1929,2002,439,1727,1,0,3,6,2,257089
93,90,RH,74,11942,NridgHt,1,6,1936,1998,196,635,1,0,3,7,1,131850
94,80,RL,63,4608,Timber,5,7,1983,1983,171,875,1,0,2,5,2,181390
95,50,RL,31,15259,Edwards,5,4,1918,1957,1312,1333,1,1,1,6,3,255348
96,190,RL,68,4098,NWAmes,5,7,1975,1999,867,1658,2,0,3,8,2,302415
97,30,RM,135,9618,NoRidge,5,6,1915,1965,556,2137,2,0,3,7,2,294992
98,50,RH,45,9441,BrDale,3,5,1993,1993,786,1057,1,0,4,5,2,207032
99,80,RM,33,16973,StoneBr,6,7,1916,1959,838,943,2,0,4,6,0,212411
100,120,RL,108,9455,NAmes,6,7,1893,1991,664,1750,2,0,3,5,1,249576
101,90,RL,84,9441,MeadowV,5,7,2002,2002,1692,1432,1,1,3,8,2,283897
102,180,RL,73,5047,NridgHt,3,4,1962,1975,1616,539,1,1,2,5,2,193691
103,180,RH,97,7938,Mitchel,10,9,1952,1977,1685,1040,2,1,2,7,2,323447
104,180,RM,53,7230,Mitchel,6,8,1981,1981,1121,1409,1,1,4,7,2,304246
105,190,RL,67,7439,MeadowV,7,5,1960,1969,1162,1422,1,0,2,7,2,316606
106,90,RM,89,10525,Gilbert,5,3,1962,1998,788,1544,3,1,5,6,0,200733
107,190,RL,112,1300,NridgHt,3,4,1923,1963,711,849,1,0,3,6,2,243126
108,190,RL,46,4459,NAmes,5,10,1947,1995,1058,1434,2,0,3,8,3,256278
109,20,C (all),95,10055,Veenker,5,5,1927,1984,1310,1973,1,0,2,8,3,334173
110,90,FV,77,10985,ClearCr,7,5,1936,1978,1528,334,1,0,3,8,2,210156
111,70,RL,73,9566,MeadowV,6,5,1954,1961,831,1358,1,0,3,8,0,310240
112,90,RL,69,10336,ClearCr,5,5,1901,2001,548,669,2,0,3,5,2,218777
113,80,RL,42,8863,NoRidge,9,6,1925,1967,1343,1483,1,0,2,5,2,355123
114,20,RL,89,10425,Blmngtn,5,5,1890,1993,322,747,1,1,2,9,1,182707
115,180,RL,54,12236,Gilbert,10,9,1910,1951,1034,1567,2,0,3,8,2,248477
116,80,RL,48,12208,Somerst,10,6,1999,1999,1085,2313,1,0,3,7,4,529211
117,80,C (all),87,7744,BrDale,4,7,1935,2008,898,1010,1,1,3,7,2,252108
118,160,RL,85,14160,StoneBr,5,5,1917,1966,431,1082,1,0,3,6,2,213997
119,40,RL,71,11128,NridgHt,6,3,1900,1959,903,1265,2,1,3,6,2,279377
120,20,RL,91,15428,SWISU,6,5,1989,1989,1707,1659,1,1,3,7,1,252474
121,80,RL,98,16231,Veenker,6,5,1973,1973,1286,990,1,0,2,9,1,186808
122,40,RL,96,4729,OldTown,9,5,1887,1968,1514,1309,1,0,3,6,3,334638
123,40,RL,59,7063,NridgHt,6,8,1951,2007,563,1165,1,0,1,6,1,215836
124,20,RL,90,13754,Mitchel,4,5,1998,2002,1152,1266,2,0,2,6,2,239128
125,160,RL,74,3840,Gilbert,4,4,1913,1950,1085,1665,2,0,2,4,2,258664
126,50,RM,104,16180,BrDale,6,5,1984,1984,1093,1775,1,0,3,7,3,264009
127,120,RL,67,9124,Gilbert,4,5,1966,1985,1272,761,1,0,2,11,2,224481
128,70,RL,62,12800,IDOTRR,7,10,1943,1974,1108,1663,1,0,2,8,0,243892
129,120,RL,57,10034,Blmngtn,5,5,1881,1985,574,3072,2,0,3,9,2,381706
130,90,RL,73,4930,Sawyer,5,5,1988,1988,1295,2272,1,1,0,7,2,325437
131,180,RL,79,14722,Crawfor,2,6,1905,1980,1386,1179,1,0,3,7,2,228155
132,70,RL,79,21502,BrkSide,6,5,1962,1962,1577,1565,3,1,3,12,2,227417
133,90,RL,76,8439,Crawfor,4,5,1986,1986,1595,1483,1,0,4,6,1,294554
134,80,RL,83,9210,NridgHt,7,4,1948,2002,1240,1729,3,1,1,9,3,405208
135,180,RL,65,1300,NAmes,6,5,1976,1976,592,1288,1,0,2,8,2,272524
136,30,RM,52,15906,NAmes,7,4,1909,1959,438,1365,1,0,3,6,2,290084
137,20,RL,50,14147,Crawfor,6,2,1887,1980,959,1134,1,0,3,7,2,243521
138,70,RL,89,3566,NPkVill,4,7,1917,1994,1417,2047,1,0,2,6,1,298397
139,70,RL,79,2240,NWAmes,7,4,1960,1971,1392,1655,1,0,3,5,2,401550
140,80,RL,32,2703,IDOTRR,3,6,1987,1987,1159,1659,1,0,3,6,0,324093
141,50,RM,91,13080,SWISU,5,7,1944,2001,1035,2109,2,0,1,9,2,319348
142,40,RL,107,13479,NridgHt,4,5,1946,1972,1811,2116,1,0,3,8,2,265896
143,180,RL,55,6806,NWAmes,7,5,1969,1969,1279,2022,2,0,2,6,2,374391
144,80,RL,76,12497,Blueste,8,4,1974,1975,1015,2101,2,0,4,6,1,280793
145,60,RL,60,11135,NPkVill,6,6,1951,1952,791,2281,2,0,3,7,2,293095
146,160,RL,82,9030,Sawyer,6,6,1922,1972,646,1016,2,1,1,6,2,225013
147,40,RM,46,14380,NridgHt,7,6,1925,1969,607,1350,1,0,3,7,2,361105
148,20,RL,68,5680,MeadowV,1,1,2004,2004,646,1854,1,1,5,7,1,268543
149,40,RL,89,15090,StoneBr,8,8,1918,1989,1162,1057,1,0,3,7,2,343844
150,50,C (all),94,7585,Edwards,4,3,1930,2006,1042,1318,1,0,3,5,1,262528
151,40,RL,78,17626,Blmngtn,9,5,1883,1988,919,1597,1,0,3,7,3,285901
152,20,RL,63,6478,NPkVill,7,5,2000,2005,1344,1384,1,0,3,6,2,326616
153,50,RL,38,9093,ClearCr,7,1,1959,1959,1773,1533,2,1,1,6,3,431571
154,120,FV,54,10734,NAmes,6,5,1956,1967,720,927,2,0,2,6,1,253747
155,70,RL,60,10709,Gilbert,5,6,1934,1990,780,1481,1,1,3,6,2,300931
156,70,RL,56,12463,BrDale,6,7,1899,1955,163,1567,1,0,3,9,1,185744
157,160,RL,71,5357,SawyerW,3,7,1913,1976,1039,2307,1,0,2,8,2,309936
158,90,RL,63,10350,Mitchel,6,5,2001,2001,998,1365,1,0,3,7,2,243475
159,120,RL,73,11052,NoRidge,6,6,1988,1988,1407,1174,1,0,3,7,2,278824
160,120,RL,94,8389,IDOTRR,8,3,2005,2005,1015,1856,2,0,3,3,1,409526
161,180,RL,61,12116,OldTown,6,5,1933,2007,814,334,1,0,2,6,0,203460
162,190,RL,42,5114,BrkSide,3,4,1968,1968,1127,1341,1,0,3,8,2,269525
163,40,RL,55,9194,Blueste,5,5,1932,1988,1272,1243,1,2,3,6,2,254657
164,70,RL,81,7487,StoneBr,6,5,1929,1958,402,1630,3,0,3,7,2,193070
165,20,RL,83,9206,Crawfor,5,5,1951,1956,1452,2123,2,1,2,5,1,266100
166,45,RL,78,16288,Mitchel,5,5,1895,1990,1572,2275,2,0,3,9,1,341945
167,190,RL,96,16365,NPkVill,7,8,1892,1969,1268,1623,1,0,4,9,2,320003
168,45,RL,66,15581,Gilbert,6,5,1899,1959,676,724,1,1,3,5,2,279732
169,50,RL,111,8650,CollgCr,6,9,1945,1975,919,1242,1,1,2,8,2,273986
170,70,RL,86,14130,OldTown,5,6,1926,1953,1523,1297,1,0,3,5,2,234902
171,70,RM,20,10949,StoneBr,7,5,2001,2001,658,1683,2,0,2,7,2,310298
172,190,RL,106,10682,Timber,5,6,1933,1973,1301,1528,1,0,2,5,3,331876
173,160,RL,54,10190,Timber,7,4,1885,1963,1029,1155,1,1,2,5,0,184399
174,190,RL,49,17533,NridgHt,3,7,1893,1990,1114,874,2,0,2,3,2,209412
175,45,FV,80,15963,Veenker,7,6,1965,1965,715,1065,1,1,3,10,2,220592
176,190,RL,35,13479,Somerst,6,9,1906,1966,1182,1047,2,0,2,8,2,264547
177,70,RL,56,9818,Blmngtn,5,6,1886,1994,1153,2310,1,0,4,5,2,341384
178,160,RL,101,10658,IDOTRR,6,7,1881,1973,446,1115,1,1,3,7,2,254350
179,40,RL,81,12622,Crawfor,6,7,1959,1976,1048,1530,1,2,3,6,2,349976
180,60,RH,86,8413,NAmes,4,5,1939,1956,1295,1984,2,0,3,6,2,300668
181,180,RM,56,14253,NoRidge,7,5,1903,1958,895,1597,1,1,3,9,2,316955
182,30,RL,39,6815,NAmes,5,5,1894,1992,70,956,1,1,3,5,2,219140
183,120,RL,84,12067,SawyerW,8,5,1974,1984,1004,1992,1,1,3,7,2,297790
184,190,C (all),88,1341,Veenker,7,5,1960,2007,1636,1677,2,1,4,6,0,306342
185,90,RM,87,8297,Veenker,5,7,1897,1961,912,407,2,0,3,5,0,112436
186,50,RL,74,18810,MeadowV,7,5,1899,1970,1621,2122,1,1,3,6,2,363594
187,60,FV,50,14644,BrDale,5,9,1994,1994,725,1936,1,1,3,10,2,173847
188,180,C (all),118,16641,Timber,4,7,1919,1964,585,1669,2,0,3,8,2,278622
189,180,RL,79,7830,NWAmes,9,5,1918,1970,1047,2317,2,0,2,5,2,463562
190,180,RL,66,10915,IDOTRR,6,8,1911,1959,720,1925,2,0,2,8,2,315644
191,180,RL,66,15627,NAmes,5,5,2003,2003,1181,2063,1,1,4,9,1,338715
192,45,RM,72,13032,Timber,5,7,1987,1995,900,2018,1,1,2,6,3,371209
193,160,RL,91,12534,IDOTRR,5,5,1906,2008,1639,1878,2,0,4,6,1,273571
194,120,RM,73,17022,Somerst,9,5,1989,2001,873,604,2,0,2,5,2,231579
195,70,RL,87,6338,StoneBr,4,5,1976,1976,1085,664,2,0,3,6,2,215454
196,180,RL,73,9763,SWISU,5,5,1953,1953,1288,1925,1,0,3,7,3,278168
197,90,RL,67,3483,Somerst,6,5,1896,1978,1432,2115,2,0,2,6,1,316083
198,70,RL,82,6119,Gilbert,5,5,1928,2004,1641,1147,2,0,3,3,2,277114
199,20,RH,82,14796,SWISU,5,5,1960,1989,956,943,2,1,3,6,2,224218
200,20,RM,66,6830,Mitchel,4,8,1995,1995,890,1631,1,0,3,6,2,240563
201,90,RM,55,13442,SWISU,4,6,1902,1953,284,773,2,1,3,7,1,118748
202,160,RL,76,17133,SWISU,5,5,1977,2008,1866,1415,2,0,2,7,2,290653
203,90,RL,71,9788,Somerst,8,6,1951,1953,1194,1322,2,2,3,5,2,292237
204,45,RL,58,12579,Veenker,4,6,1936,1978,1350,1387,2,0,2,7,2,243824
205,190,RL,53,13473,OldTown,7,9,1965,1986,1272,2442,2,1,3,6,1,393371
206,90,RL,78,5614,MeadowV,7,5,1902,2009,1069,1183,2,0,4,10,1,345107
207,40,RL,81,8034,MeadowV,7,4,1984,2009,1190,1526,1,0,3,6,2,298544
208,70,RL,62,6485,NridgHt,8,5,1946,1969,826,843,2,0,3,5,2,290231
209,60,RL,58,8353,Blmngtn,5,5,1913,1990,929,1970,2,0,3,4,2,298787
210,80,C (all),53,13364,Blmngtn,4,7,1912,1972,669,1410,1,1,2,6,2,273849
211,160,RM,77,8119,SWISU,5,5,1925,1994,1672,2089,1,0,3,5,1,266786
212,90,RL,53,10359,CollgCr,5,8,1960,1967,1274,334,1,1,3,7,1,178279
213,50,RL,114,6330,Gilbert,7,5,1966,1998,1840,1470,2,0,2,8,1,278877
214,20,RL,61,15405,NAmes,6,9,1894,1974,1968,1566,1,2,4,6,3,209820
215,40,RL,21,8319,NAmes,7,1,2002,2002,488,1955,2,0,3,7,2,319345
216,120,RM,69,16591,Blueste,4,7,2000,2003,1444,1179,2,0,0,8,1,212348
217,180,RM,68,10743,NridgHt,8,8,1957,1964,506,1893,2,0,3,6,1,326551
218,80,RL,92,4872,OldTown,5,9,1945,1983,1120,1236,1,1,3,5,3,172838
219,160,RL,75,9815,NWAmes,6,2,1918,1997,1175,1546,1,0,2,6,2,285418
220,60,RL,53,6248,BrDale,5,4,1897,1969,535,1960,1,0,3,9,3,271404
221,80,RL,64,12857,NPkVill,7,6,1900,2003,754,1035,1,0,4,8,2,237410
222,90,RL,76,9454,Veenker,5,2,1906,1986,1194,1870,2,0,3,5,2,332122
223,45,RM,26,11152,NridgHt,8,3,1881,1976,1120,1667,2,0,4,6,1,268615
224,20,RL,96,9022,Blmngtn,8,5,1976,1976,642,1333,1,0,4,8,1,305068
225,20,RL,53,8278,Sawyer,7,5,1918,2000,770,1165,2,1,4,7,0,226102
226,120,FV,98,6605,Crawfor,3,5,1935,1954,453,449,1,1,2,8,1,192679
227,45,RL,77,13844,ClearCr,7,3,1986,1986,568,1459,1,1,3,6,2,287455
228,180,RL,82,9807,Sawyer,7,4,2006,2006,901,1333,2,0,0,10,3,342025
229,70,RL,92,9241,Gilbert,4,5,1892,1952,1444,1819,0,0,3,8,1,290070
230,30,RL,81,9707,IDOTRR,4,6,2005,2005,1495,1768,2,2,4,5,3,359861
231,40,RL,83,7784,Gilbert,4,4,1935,1973,1783,2035,2,0,2,7,2,313129
232,20,RL,66,9254,SWISU,2,5,1907,1973,1219,2053,2,0,3,5,2,204514
233,50,RL,77,11322,OldTown,6,8,1943,1952,1125,3077,1,1,3,6,2,400541
234,20,RH,58,6363,Sawyer,9,10,1950,1994,1248,1756,1,0,2,7,2,367695
235,80,RL,63,6942,Blmngtn,5,9,1998,1998,1244,1069,1,0,2,6,1,138710
236,20,RM,109,16013,SawyerW,6,7,1979,1979,403,1913,2,0,3,7,2,222594
237,160,C (all),53,9048,NPkVill,9,5,1920,2005,1805,2302,1,0,2,6,2,435455
238,20,RL,73,8293,OldTown,5,6,1883,1952,277,1737,1,0,3,8,2,302591
239,30,RM,72,5124,NoRidge,7,5,1967,1967,1509,437,2,0,3,6,2,258458
240,30,RL,63,13902,NoRidge,6,6,1963,1978,1072,1777,2,0,3,8,2,343698
241,180,FV,80,6276,Mitchel,6,5,1925,1999,614,1185,2,1,2,5,2,256730
242,60,RL,81,10438,CollgCr,5,6,1967,1978,1262,839,2,0,3,6,3,257805
243,70,RL,51,3667,Timber,6,5,1886,1959,1002,1593,1,1,1,7,2,272885
244,50,RL,72,13772,Veenker,3,2,1956,1981,776,737,1,0,4,6,4,216606
245,20,RM,48,15207,OldTown,7,7,1972,1972,497,2011,1,1,3,6,2,337495
246,20,RL,85,12438,NWAmes,5,2,1899,1988,463,1865,1,1,4,6,2,249280
247,40,RL,73,4362,MeadowV,8,5,1957,1958,805,1456,2,1,3,11,0,343792
248,30,RM,71,13855,Blueste,5,1,1906,1986,895,1224,1,1,3,5,2,207706
249,50,RL,83,7190,Mitchel,4,5,1999,2001,565,1407,2,0,3,8,2,311452
250,180,RL,64,5816,Veenker,6,3,1904,1989,1065,994,1,0,2,7,0,223939
251,120,RL,88,8966,NWAmes,4,8,1931,1963,622,1461,1,0,3,6,2,237347
252,60,RL,51,8886,OldTown,7,5,1900,1953,1194,334,2,0,1,7,3,220293
253,70,RL,98,8479,NWAmes,9,5,1897,1969,1542,1544,1,0,4,8,2,360434
254,45,FV,58,15594,NWAmes,7,5,1918,1977,1165,1557,2,0,3,7,1,276620
255,70,RL,36,18547,IDOTRR,2,6,1894,1963,1012,1922,3,0,5,9,2,221835
256,160,RL,63,5023,NPkVill,6,7,1932,1993,836,1649,2,1,3,5,0,290648
257,80,RL,61,7744,Gilbert,6,6,1917,1983,1628,1988,1,1,2,7,2,382288
258,160,RM,63,11070,Somerst,7,6,1931,1962,972,1773,2,0,3,6,2,263123
259,20,RH,74,8945,NoRidge,3,8,1951,1980,2046,2018,1,0,2,6,2,338915
260,60,RL,91,12097,Sawyer,6,7,1907,1982,576,2810,2,1,2,7,2,400353
261,80,RM,66,14163,Gilbert,6,6,1997,2001,1165,1710,1,0,2,7,1,222339
262,50,RL,56,13497,NAmes,4,5,1914,1988,1615,1592,1,0,4,6,3,246918
263,45,RM,47,12938,Edwards,5,6,1978,1978,773,2093,3,0,3,6,3,370346
264,30,RL,60,17136,Blueste,5,5,1931,1974,955,1265,1,0,3,7,0,246490
265,60,FV,32,4144,NWAmes,7,6,1962,1981,1300,1440,2,0,2,7,2,388979
266,60,RL,55,16420,Somerst,8,7,1927,1958,1205,1710,1,1,3,6,2,320833
267,160,RL,94,8848,Mitchel,6,6,1901,1977,1273,1536,2,0,3,5,2,264234
268,20,RM,53,13640,Crawfor,5,7,2002,2007,1514,1533,2,0,3,8,1,348177
269,90,RL,82,6381,NAmes,5,3,2006,2006,911,1949,1,1,2,8,2,266530
270,180,RL,45,6866,MeadowV,9,3,1931,1966,1624,651,2,1,3,6,3,298386
271,160,RL,105,13148,Sawyer,9,5,1958,2002,361,2516,2,0,3,6,1,390006
272,60,RL,106,2785,ClearCr,8,8,2008,2008,1480,1742,2,1,2,6,1,379965
273,190,RL,81,14457,StoneBr,7,7,1945,1962,1508,1299,1,1,5,9,1,259426
274,40,RL,109,15539,Edwards,5,6,1943,2004,740,2314,2,1,2,8,2,319077
275,45,RL,77,11211,NridgHt,7,6,1887,1959,469,1551,1,1,3,5,3,273305
276,180,RL,85,11067,OldTown,5,6,1904,1965,957,1564,1,1,2,8,2,197760
277,160,RM,95,7165,Crawfor,5,8,1973,1973,1211,1392,1,0,1,4,1,248059
278,45,RL,73,13197,BrDale,7,7,1894,1997,915,2233,2,1,4,6,2,247642
279,40,RL,38,11890,NWAmes,3,6,2001,2001,1250,1495,2,1,4,9,2,233312
280,120,RL,85,6813,BrDale,3,6,1954,2007,1825,1220,1,0,3,9,0,189897
281,40,RL,60,8934,NWAmes,5,5,1983,2001,504,1999,2,0,4,8,2,324403
282,40,RM,62,9862,IDOTRR,5,6,1917,1952,268,2091,2,1,4,6,1,277404
283,45,RL,75,8928,Veenker,8,5,1994,1994,1022,2303,1,1,3,6,2,455547
284,70,RL,81,5048,Sawyer,4,4,1918,1990,777,1816,2,0,4,9,2,224731
285,45,RM,73,13296,StoneBr,4,7,1987,1987,857,2073,1,0,3,7,2,296508
286,90,RM,82,9525,BrkSide,4,5,1896,2009,1556,1370,1,1,3,6,3,221348
287,20,RL,55,10561,Edwards,2,9,1997,1997,1001,2012,1,0,3,7,3,248123
288,80,RM,69,8186,StoneBr,3,5,1918,1991,1038,1871,2,0,2,9,1,231866
289,70,FV,86,12401,Gilbert,6,5,1914,2001,875,1765,3,0,4,9,3,388976
290,30,RL,105,11294,BrkSide,5,5,1930,2005,1034,721,1,0,2,7,2,237993
291,80,RM,112,15351,Edwards,7,4,1926,1994,1157,1305,1,1,4,8,2,285114
292,20,RL,78,12422,SawyerW,10,5,1915,1966,2163,1477,1,0,3,4,1,421897
293,160,RL,86,9689,Sawyer,6,5,1943,1956,1161,1765,2,0,3,7,1,324235
294,180,RL,109,7541,Blueste,3,4,1974,1977,1515,2700,2,0,2,7,3,334908
295,90,RL,56,13963,ClearCr,4,5,1984,1987,1124,1929,2,0,4,4,1,309035
296,90,RM,82,9369,IDOTRR,8,5,1892,1962,238,1094,2,1,2,8,1,238257
297,30,C (all),85,9813,NAmes,6,6,1991,2009,823,1259,2,0,3,9,2,399800
298,70,RL,98,9812,Blueste,7,3,1944,1966,1161,2194,2,0,3,6,3,417954
299,120,RL,47,8893,StoneBr,7,6,1887,1964,1339,1237,1,0,2,8,2,267247
300,40,RL,51,9881,NWAmes,8,6,1927,1985,1134,2009,2,0,5,7,3,394221
301,70,RL,70,18204,BrDale,8,5,1964,1977,1418,1558,1,1,2,7,2,362614
302,180,RL,77,6308,MeadowV,6,8,1922,1964,466,1416,1,0,3,8,1,260887
303,120,RL,92,7241,Edwards,5,6,1964,1995,1069,1245,1,1,3,6,2,282602
304,90,RM,80,16037,OldTown,9,6,1898,2002,1581,334,2,0,2,8,2,240960
305,45,RL,66,9000,Sawyer,6,5,1902,1960,661,1769,2,0,2,6,2,263153
306,180,RM,78,8697,NoRidge,3,6,1994,2005,1498,973,2,1,3,8,2,295036
307,20,RL,76,14639,StoneBr,6,7,1929,1980,1477,790,1,1,4,6,1,255136
308,30,RL,104,4819,StoneBr,6,5,1922,1953,555,1623,2,1,2,5,1,236551
309,20,RL,73,13785,NPkVill,8,5,1978,1984,1185,2014,1,0,2,6,2,348435
310,180,RL,62,10682,MeadowV,6,5,1983,1983,1113,651,2,0,5,6,2,229779
311,50,FV,78,12359,IDOTRR,5,6,1995,2001,979,2001,1,1,1,5,1,337475
312,50,RL,73,12284,CollgCr,9,5,1930,1976,439,1048,2,0,3,5,1,252607
313,160,RM,38,7988,Edwards,7,6,1985,1985,944,1824,2,1,3,8,2,326789
314,70,RL,69,14704,Sawyer,6,4,1991,1991,987,1789,2,1,2,9,3,288383
315,90,RM,67,8299,StoneBr,5,7,1951,1994,370,1396,2,1,3,9,2,328909
316,90,RL,59,12135,Blmngtn,5,5,1959,1969,527,1514,2,1,4,8,1,273464
317,40,RM,90,15450,Crawfor,6,5,1928,1978,679,1301,1,0,3,8,2,284654
318,40,RM,54,16015,Mitchel,3,6,1926,2007,630,1631,2,1,3,5,2,257173
319,40,RL,79,9431,BrkSide,5,3,1951,2002,1180,1627,1,0,3,8,2,267269
320,45,RL,67,12352,Gilbert,6,2,1886,1978,1414,1038,1,0,3,8,1,307919
321,80,RM,72,9062,NridgHt,6,5,1945,1972,925,821,1,0,1,5,2,243408
322,60,RH,78,20515,Edwards,5,5,1956,2006,1356,2004,2,0,3,7,2,393827
323,80,RL,43,13620,Veenker,4,8,1941,1999,1430,1602,1,1,3,6,1,250386
324,20,RL,73,10836,NAmes,5,7,1917,1970,1015,1934,1,1,2,9,1,309186
325,80,FV,115,11750,Blmngtn,7,5,2004,2004,1213,1164,2,0,4,7,2,307722
326,45,RM,38,12128,Somerst,5,3,1963,1992,960,1087,2,0,3,10,2,260229
327,160,RH,68,12246,NridgHt,1,5,1908,1959,600,994,1,1,5,5,3,129865
328,20,RM,92,9540,OldTown,6,6,1993,1993,751,1409,2,1,2,4,2,240943
329,80,RL,76,8922,NAmes,9,5,1958,1961,1180,1616,1,1,4,10,2,422993
330,45,RL,83,9892,Veenker,6,4,1902,1979,1001,1228,2,1,3,5,1,203258
331,60,RL,22,5941,BrkSide,4,5,1985,2000,1344,2282,2,1,5,6,3,370561
332,80,RL,81,13373,MeadowV,5,6,1980,1982,295,1178,2,0,4,7,2,331708
333,45,RL,54,7293,Veenker,7,5,1887,1967,391,1624,2,1,5,9,2,300464
334,40,RL,76,6260,CollgCr,5,7,1965,1965,438,1058,1,1,5,6,1,294574
335,90,RM,69,10442,Sawyer,6,5,1996,1996,1116,1163,1,1,0,4,0,287704
336,40,RL,115,9979,Veenker,5,4,1908,1970,498,1456,2,0,3,7,2,255304
337,90,RL,80,11498,NAmes,4,5,1881,1950,1178,1083,1,1,2,7,1,227193
338,190,RL,67,8227,BrDale,7,5,1992,1998,1351,1544,2,0,3,6,1,304526
339,30,RL,39,8929,OldTown,7,2,1944,1992,1656,1720,1,0,5,9,1,312025
340,30,RL,72,13268,Mitchel,6,4,1987,2001,1612,2046,1,1,1,8,1,306114
341,30,RL,86,13024,Blmngtn,5,5,1899,2009,771,960,2,0,3,8,2,238995
342,60,RL,68,12858,CollgCr,4,4,1916,1964,382,1583,1,0,3,5,2,313527
343,40,RL,59,10635,MeadowV,6,5,1951,1985,797,1469,1,1,2,7,1,326362
344,190,RL,58,11175,Somerst,6,9,1906,1996,1440,575,1,1,2,10,2,247401
345,90,RL,80,11421,NAmes,4,5,2002,2003,894,935,2,1,2,7,2,254078
346,45,RL,85,7875,OldTown,3,6,1924,1971,1040,1737,1,0,2,5,3,257197
347,20,RM,97,16396,SawyerW,4,5,1962,1981,827,823,1,1,3,12,2,262631
348,45,RL,50,15826,StoneBr,10,5,1999,2007,1682,1463,1,0,3,7,2,282975
349,20,FV,80,13676,CollgCr,7,2,1944,1995,644,438,1,1,1,8,1,285269
350,50,RH,67,8796,NridgHt,8,5,1904,2003,1076,1448,1,0,5,5,2,281634
351,45,RL,68,12656,ClearCr,4,5,1906,1982,1493,473,2,1,3,7,2,194137
352,80,RL,78,14413,CollgCr,9,4,1985,2007,1786,1197,2,0,3,9,2,282063
353,80,RL,78,5607,OldTown,4,6,1923,1990,772,1281,1,2,2,7,2,237605
354,70,RL,80,17278,Mitchel,6,5,1986,2008,1434,1561,2,0,3,6,2,278407
355,40,RL,48,3542,Timber,7,5,1915,1988,797,1373,2,1,3,5,3,342285
356,20,RL,55,13318,OldTown,5,4,1885,1972,1600,882,1,0,3,6,3,278081
357,20,RL,99,16313,Blueste,5,5,1888,1992,1741,891,1,1,3,6,2,222048
358,180,RL,65,10047,Sawyer,4,6,1892,2004,694,692,2,0,2,7,1,157433
359,160,RL,76,9898,Veenker,4,5,1920,1951,1311,1603,2,0,4,5,1,230891
360,40,RL,91,13170,BrkSide,6,5,2007,2007,1495,1581,1,1,3,5,2,272210
361,60,RL,79,17907,SWISU,6,5,1945,1987,932,1834,1,1,3,6,1,279592
362,70,RL,80,9375,BrDale,7,4,1964,2004,1269,1249,1,0,5,6,2,260913
363,60,RL,87,7376,Crawfor,6,6,1903,2000,1290,632,1,0,3,7,2,279777
364,60,C (all),27,8804,Gilbert,6,6,1923,1978,1853,1342,2,1,3,7,2,275723
365,60,RL,60,4289,NWAmes,2,4,1985,2001,261,1505,2,1,3,9,2,229878
366,190,RL,79,14091,MeadowV,4,3,1977,1995,1027,917,2,0,2,6,3,261722
367,40,RL,97,8443,NPkVill,9,6,1939,2009,549,965,1,1,6,7,1,199530
368,60,RL,71,9666,Blmngtn,3,5,1888,1952,1055,1725,1,1,3,6,2,269143
369,80,RH,53,14138,ClearCr,6,4,2009,2009,736,1550,1,0,3,3,2,218079
370,160,RL,53,8992,Gilbert,4,6,1935,1956,948,2066,2,0,4,7,3,256413
371,160,RL,87,13536,Blueste,6,5,1901,1985,700,2361,2,1,3,8,2,346593
372,30,RM,65,6347,Crawfor,6,5,1960,1978,1112,748,1,1,3,4,2,255190
373,50,RH,69,14334,BrDale,5,5,1979,2004,1479,1290,1,1,4,3,3,275304
374,20,FV,82,11867,IDOTRR,5,6,1892,1986,900,1561,2,0,2,8,2,190650
375,180,RL,20,10145,SWISU,6,5,1950,1998,1622,1681,2,0,2,7,2,360710
376,20,RL,110,11023,Veenker,5,9,1895,2007,1467,2007,1,0,2,6,2,322085
377,50,RL,55,5352,IDOTRR,4,6,1924,1985,1863,1864,1,1,4,7,0,241597
378,180,RL,74,10932,Blmngtn,7,4,1944,1972,1214,2069,1,0,2,10,2,289262
379,190,RL,35,9933,NridgHt,4,5,1949,1994,1025,1530,2,0,3,6,2,298548
380,40,RL,61,5462,Edwards,7,5,1978,1978,415,1185,2,0,2,6,2,284491
381,45,RL,94,7815,OldTown,6,5,1980,1997,737,2474,2,0,3,5,0,253256
382,40,RL,31,9983,NWAmes,4,7,1984,1984,966,1576,2,0,3,8,2,237266
383,20,RL,92,8070,NridgHt,6,6,1973,1983,1014,1379,3,0,5,6,2,368499
384,20,RM,64,1300,Crawfor,6,3,1921,1999,1989,963,1,1,3,11,2,323054
385,180,FV,79,14805,Timber,5,6,1962,1962,967,1579,1,0,3,8,3,287279
386,180,RL,83,9931,IDOTRR,5,1,1984,1984,342,2002,1,0,3,6,1,277096
387,190,RL,78,1404,Somerst,5,6,1907,2007,1315,1249,1,0,3,5,2,174179
388,50,RM,52,19039,OldTown,5,6,1905,1989,1292,1433,2,0,4,7,2,320018
389,60,RL,62,15465,Blmngtn,4,5,1995,1995,866,1624,2,0,3,6,2,250132
390,40,RM,40,9104,Mitchel,5,5,1928,2005,1901,1736,2,0,3,9,2,269857
391,180,RL,79,7130,OldTown,5,7,1880,2005,291,1370,1,0,5,6,1,243725
392,90,RL,104,12112,Veenker,6,7,1971,1971,1549,1303,1,1,3,6,2,268333
393,50,RH,33,11309,MeadowV,6,5,1937,1997,933,1244,1,0,2,7,2,194578
394,80,RL,54,12668,NAmes,6,5,1958,1998,669,946,2,0,2,5,1,252311
395,190,RL,66,7141,Timber,7,5,1960,1966,2010,1114,1,1,6,7,2,241516
396,20,RM,73,14891,CollgCr,7,1,1905,1993,1344,1101,1,0,3,4,2,278397
397,50,RL,87,8606,MeadowV,6,4,1956,1959,930,728,1,1,3,7,2,254723
398,40,RL,66,13223,IDOTRR,6,4,1951,1969,922,1996,3,0,4,7,2,298652
399,180,RH,63,7312,ClearCr,5,5,1948,1955,1160,1679,2,0,3,7,2,274028
400,20,RL,92,21092,Blmngtn,8,5,1885,1957,865,1571,2,0,3,7,4,398579
401,45,RM,83,13282,Edwards,2,10,1902,1994,1569,2152,2,2,3,4,3,345532
402,190,RL,80,22036,BrkSide,5,6,1933,1983,1085,1858,2,0,3,6,1,241756
403,50,RL,72,13810,CollgCr,6,3,1966,1981,1457,1105,1,0,3,6,3,265662
404,70,RL,89,8254,Timber,4,5,1890,2000,1133,2086,1,0,1,6,2,257987
405,20,RL,56,13817,SawyerW,4,5,1890,2003,1397,1986,2,0,2,10,1,271851
406,40,FV,54,14102,NPkVill,6,4,1956,1991,1588,941,2,1,3,5,2,271218
407,30,FV,84,11993,NPkVill,6,8,1891,1953,1722,1951,1,0,4,7,3,416460
408,90,RL,37,13021,Mitchel,7,5,1932,1993,1246,1266,1,1,3,6,3,293993
409,120,RM,71,13546,Sawyer,7,10,1978,1999,703,1998,2,0,4,7,1,266810
410,60,RL,63,6525,Somerst,4,5,1915,1988,980,1331,1,1,3,8,2,218471
411,120,RL,41,6240,SWISU,2,6,1907,1969,1039,1233,2,0,4,5,2,215831
412,40,RL,51,7323,StoneBr,6,4,1981,1981,820,1284,1,1,2,8,2,264797
413,80,RL,67,11010,Blueste,5,5,1886,1973,753,1013,1,0,3,5,2,235065
414,80,RL,90,9607,SawyerW,6,5,1894,2004,1119,759,1,1,3,7,2,229393
415,30,RM,56,6597,CollgCr,4,7,1903,1975,656,334,2,1,2,8,1,180333
416,60,RL,94,13601,ClearCr,5,7,1909,1974,579,972,2,0,3,5,2,218695
417,70,RL,71,11632,Blueste,6,7,1945,1985,372,2815,1,1,4,8,1,268958
418,30,RL,96,11175,MeadowV,6,6,1940,1956,1242,1739,2,1,3,5,2,289041
419,160,RL,57,9468,IDOTRR,6,7,1957,1959,1186,2432,1,1,4,8,1,445776
420,120,RL,69,8987,OldTown,6,5,1920,2007,920,1340,1,0,3,7,2,319237
421,30,RL,77,7134,Sawyer,5,5,1961,1996,1447,1265,2,0,3,7,2,226408
422,120,RL,66,14234,BrkSide,3,6,1930,1961,650,2358,1,1,3,9,2,347332
423,20,RL,89,7686,Timber,4,6,1974,1974,1202,1687,2,0,2,6,2,283354
424,80,RL,25,11337,BrkSide,5,6,1892,2001,1071,1022,2,0,3,6,1,209202
425,20,RL,118,17148,Crawfor,5,5,1969,1999,753,1816,2,1,3,9,3,282798
426,90,RL,87,9170,NridgHt,6,4,1961,1974,852,2125,2,0,4,5,2,321350
427,160,RL,66,14342,NAmes,5,8,1888,1965,822,786,2,0,3,7,2,249368
428,60,RM,58,12774,Sawyer,6,5,1927,1954,1151,1732,1,0,3,9,1,297433
429,70,RL,52,11745,Blueste,7,4,1928,1968,1287,819,1,1,1,7,1,271170
430,190,RL,82,12221,Timber,5,7,1932,1953,879,2098,1,1,5,5,3,362970
431,120,RL,89,10120,Timber,4,8,1919,1955,765,1615,2,1,3,5,2,234634
432,70,RL,66,10639,Blueste,4,4,1986,1986,1104,1814,1,1,4,6,2,296977
433,120,RL,92,8307,NridgHt,6,7,1903,1998,389,1391,1,0,3,6,1,258757
434,40,RL,51,10665,Blmngtn,5,8,1987,1988,1063,609,2,0,3,5,2,236469
435,30,RL,48,8159,NoRidge,4,8,1912,2005,1674,1279,2,0,3,8,3,286947
436,90,RL,106,14522,NWAmes,6,8,1902,2004,768,1964,2,0,3,6,1,255863
437,80,RL,81,3702,NPkVill,4,5,1956,1988,979,2496,2,0,3,9,2,357691
438,190,RL,97,12424,IDOTRR,6,5,1933,1958,1459,1641,1,1,3,8,3,288486
439,180,RL,52,11846,NWAmes,6,1,1932,1994,1351,1156,2,1,3,9,2,293231
440,120,RL,51,11484,SWISU,7,3,1928,2001,1074,1767,1,0,4,6,1,313598
441,70,RL,62,14597,OldTown,3,5,1957,1963,1026,1919,1,2,2,7,2,239254
442,90,RM,53,9355,CollgCr,8,5,1959,1997,555,1566,2,1,3,6,1,371245
443,45,RL,84,11521,SWISU,6,5,1981,2004,1246,1535,2,1,2,6,3,392341
444,190,RH,54,3633,Blmngtn,4,5,2001,2001,512,1606,2,0,2,7,2,222268
445,45,RL,46,8838,NoRidge,4,4,1982,1982,223,1521,2,0,3,8,3,280807
446,20,RM,72,13922,NAmes,5,7,1969,1986,1453,1648,2,0,2,5,0,271937
447,80,RL,44,5143,SWISU,7,5,1969,1999,1204,2413,1,0,3,6,2,325082
448,180,RL,34,11138,Crawfor,7,6,2000,2002,1401,483,2,0,2,5,1,271833
449,40,RM,72,7789,SawyerW,6,5,1939,1969,755,1380,2,1,3,8,2,304162
450,70,RL,35,10056,ClearCr,7,3,2001,2001,1236,1033,3,0,2,9,1,289935
451,180,RL,85,8029,Somerst,1,8,1909,1981,874,2090,1,0,2,5,2,219321
452,30,RL,42,5511,NridgHt,3,5,2009,2009,919,1429,1,0,4,6,2,296213
453,30,RL,25,12044,BrDale,8,5,1962,1970,1439,1779,2,1,3,9,1,406520
454,70,RL,64,10301,NoRidge,7,4,1990,2006,990,2213,1,0,4,6,2,312725
455,60,RL,72,12950,ClearCr,5,5,1987,1990,771,959,2,0,1,8,3,255714
456,40,RL,79,13677,Edwards,7,2,1990,1990,503,1236,1,2,3,5,4,228999
457,90,RL,73,15401,NWAmes,8,5,1904,1978,1194,2162,1,0,3,6,1,382073
458,120,RM,48,11033,Blmngtn,7,5,1929,2007,1473,939,2,1,2,7,3,348507
459,190,RL,84,15574,NridgHt,7,7,1893,1980,736,1253,1,0,3,8,1,273705
460,60,C (all),89,6596,SWISU,7,6,1955,2003,1325,699,2,0,3,6,2,226542
461,120,RL,45,14135,CollgCr,4,4,1963,1963,672,2181,1,0,3,6,3,368607
462,120,RL,66,12337,NWAmes,7,4,1966,1966,1349,1209,1,1,3,6,2,390279
463,60,RL,64,11432,NAmes,4,5,1909,1992,1063,1675,1,1,3,7,3,252336
464,20,RL,74,12278,NWAmes,8,5,1937,1978,1157,1837,2,0,3,9,2,359672
465,45,RM,65,6657,BrDale,5,2,1973,1991,771,1098,1,0,3,8,1,266167
466,120,RL,68,5713,NWAmes,6,7,1920,1952,1193,547,2,0,4,4,2,261497
467,60,RM,82,17339,Sawyer,6,2,1973,1973,810,1390,2,1,3,9,2,281369
468,60,RL,47,9825,Edwards,4,7,1936,1993,884,1382,2,0,3,5,2,309459
469,160,RL,84,9768,OldTown,5,4,1943,2004,442,1469,2,0,3,6,1,184915
470,180,RL,92,6090,BrkSide,9,9,1977,1977,741,1472,1,0,3,8,2,251302
471,50,RL,102,4572,BrkSide,9,6,1895,1996,839,1250,1,0,3,5,3,311186
472,20,RL,27,10146,Veenker,5,6,1967,1970,1175,1231,2,1,1,4,3,347369
473,80,RL,66,9133,SawyerW,10,4,1957,1995,1288,1648,1,1,3,6,2,428117
474,50,RL,30,10506,SawyerW,7,7,1969,2007,806,1088,2,0,3,8,2,214812
475,180,RL,21,10848,BrDale,6,7,1951,1980,984,1452,2,0,3,7,2,404531
476,180,RL,72,20457,BrDale,3,6,1893,1956,1724,1218,1,0,3,6,2,255959
477,180,RL,62,9145,NoRidge,8,5,1910,1966,1102,1647,2,0,3,8,3,272671
478,50,RL,75,16819,Blueste,6,6,1945,2005,835,2054,2,1,4,8,1,296860
479,70,RL,79,17068,SWISU,7,1,1991,1991,378,2074,1,0,3,8,2,369411
480,45,RL,94,13514,NAmes,7,6,1947,1988,708,2144,2,0,3,6,3,400977
481,60,RL,71,9559,Timber,7,7,1934,2009,692,1332,1,0,3,4,3,286951
482,190,RL,128,5054,Veenker,6,5,2002,2002,1841,1374,2,1,2,5,2,339887
483,45,RL,76,12411,SawyerW,5,4,1904,1979,710,865,2,0,5,8,1,204769
484,40,RL,106,14575,Gilbert,5,5,1948,1984,1070,1328,2,1,3,8,2,261134
485,70,RM,23,17490,MeadowV,5,6,1981,2007,1198,1346,2,1,3,10,2,305085
486,80,RL,96,6700,OldTown,2,4,1997,2006,1492,1191,2,1,3,5,2,284161
487,45,RL,66,9525,MeadowV,6,5,1905,1978,1053,1189,2,1,2,5,2,217285
488,190,RL,31,6724,CollgCr,6,4,1919,1999,845,651,2,0,4,5,1,211309
489,30,RL,78,7966,ClearCr,7,7,1917,2001,819,829,2,0,3,5,0,211566
490,180,RL,63,13157,Sawyer,4,3,1886,2003,1192,1522,2,1,3,7,2,212768
491,120,RL,81,7782,NAmes,6,6,1999,1999,776,1541,2,1,1,10,1,237063
492,40,RM,90,7202,Mitchel,1,5,1914,1984,608,1741,2,1,3,7,1,196527
493,20,RL,40,13687,BrkSide,4,6,1957,1977,845,1370,2,1,2,7,2,206506
494,80,RL,90,12302,BrDale,3,9,1917,2007,520,1505,2,0,3,7,2,184133
495,40,RL,70,11900,OldTown,6,4,1907,1979,1790,2125,1,0,3,5,1,317205
496,180,RL,97,7888,Edwards,4,5,1979,1979,1288,1473,2,2,2,8,1,221336
497,120,RL,65,15672,IDOTRR,6,7,1917,1956,1698,1183,2,1,3,7,3,315788
498,70,RL,60,10557,Blueste,5,5,2003,2003,1244,904,2,0,3,5,1,228913
499,120,RL,70,20020,SawyerW,7,5,1971,1980,1659,1898,1,0,4,7,2,285120
500,50,FV,72,11144,BrDale,7,7,1976,1976,1196,648,2,0,3,7,2,358418
501,120,RL,56,1300,NPkVill,8,9,1885,1984,1340,1080,1,0,3,5,3,204433
502,50,RL,60,1300,SawyerW,8,5,2006,2006,196,1709,1,0,3,6,2,355545
503,70,RL,45,12995,Mitchel,8,5,1894,1996,684,546,2,1,4,6,1,245464
504,90,RL,61,15701,Edwards,7,5,1987,2001,1064,1192,2,0,3,6,0,253965
505,180,RL,83,7364,NridgHt,6,4,1922,1963,1074,1564,1,1,3,6,2,247611
506,50,RL,67,18903,Blmngtn,4,6,1926,1985,1019,1308,2,1,1,7,2,304376
507,20,RM,90,17151,Mitchel,5,6,1978,1978,1231,1008,1,1,3,7,2,338836
508,120,RL,66,11342,SawyerW,4,7,1893,1973,1247,1203,0,1,4,7,1,216241
509,120,RL,41,12657,NridgHt,6,2,1994,1994,1396,1908,1,0,3,10,2,307952
510,20,RM,81,14078,Blueste,6,5,1881,1978,1317,2415,2,1,2,7,2,388837
511,30,RL,56,18059,StoneBr,7,5,1914,2002,1531,1569,1,0,3,7,2,302437
512,60,RL,65,13228,Crawfor,8,5,1889,1994,1534,505,1,1,2,8,1,277964
513,90,RL,94,11251,MeadowV,5,7,1991,1991,1119,1784,2,0,5,7,2,323907
514,80,C (all),46,13189,NWAmes,6,5,1900,1957,1882,1301,1,1,3,5,1,283593
515,190,RL,73,12649,NWAmes,9,6,1894,1964,1593,952,2,0,3,6,2,315576
516,50,RL,69,14197,Somerst,5,6,1991,1998,727,1099,2,0,3,8,2,263284
517,20,RL,84,4219,Crawfor,7,8,2005,2005,1207,1121,2,0,4,8,3,257594
518,190,RL,87,11763,SawyerW,4,6,1964,2001,312,794,1,1,4,11,2,179455
519,70,RL,75,12341,NWAmes,6,7,1964,1964,380,1468,2,0,1,7,2,278047
520,50,RL,62,10208,Mitchel,5,5,1884,1960,850,2414,2,0,5,9,1,274031
521,60,RL,79,13636,BrDale,8,5,1996,1996,699,950,1,1,4,4,1,391577
522,190,RL,96,18184,Gilbert,6,5,1951,1991,852,2398,1,0,3,7,0,317847
523,70,RL,69,11052,Blmngtn,4,5,1953,1998,1181,1604,1,0,4,9,1,190916
524,40,RL,64,13266,OldTown,4,6,1930,1979,1540,1453,1,0,3,6,1,148010
525,180,RL,77,16925,Timber,6,6,1903,1964,1518,1339,2,0,3,5,3,329967
526,120,RL,70,11146,ClearCr,9,5,1917,1955,1215,1096,2,1,2,6,2,315680
527,40,RL,43,6946,CollgCr,7,5,1923,2004,615,1645,1,0,3,8,1,343579
528,50,RL,74,12963,IDOTRR,6,4,1954,2002,827,1760,1,2,1,5,1,258742
529,60,RL,43,1693,Timber,5,6,1974,1974,1304,334,3,0,4,7,2,217287
530,90,RH,77,1306,Sawyer,6,6,1902,1996,719,2771,1,1,5,5,2,352546
531,190,RL,54,11832,NAmes,7,6,2003,2003,543,594,2,1,3,6,1,233011
532,180,RL,70,1300,Edwards,7,5,1965,1965,1246,1238,1,1,3,10,2,286861
533,50,RL,77,5239,IDOTRR,5,5,1922,1992,1030,334,2,0,3,5,3,235816
534,20,RL,119,8979,Edwards,6,6,1919,2008,965,1366,2,0,3,4,2,237876
535,45,RL,84,7614,OldTown,6,6,1926,1983,1493,1269,1,0,3,6,2,306587
536,50,RL,97,9908,BrDale,8,5,1899,1976,1485,1244,1,1,3,7,2,390909
537,180,RL,107,14951,Sawyer,8,6,1988,1988,1762,1652,2,0,2,6,0,418570
538,120,RL,79,11453,Timber,7,5,1947,1985,789,1378,2,1,2,7,1,202592
539,120,FV,75,7142,Gilbert,6,6,1903,1976,1221,1769,1,0,3,10,2,276593
540,50,RL,48,15917,ClearCr,5,7,1915,1958,1057,881,2,0,3,6,2,242284
541,70,RL,67,4784,Edwards,7,6,1924,1954,1185,1538,1,0,4,6,2,362200
542,45,RL,55,11387,Timber,5,5,2009,2009,596,1184,2,0,3,7,1,251475
543,20,RL,61,4339,Edwards,5,5,1907,1971,489,1314,2,1,1,7,3,294820
544,50,RL,107,11509,StoneBr,5,6,1902,1980,1033,1635,1,0,3,3,2,243173
545,70,RL,72,9225,SWISU,7,6,1970,1970,712,1247,1,0,3,7,2,296942
546,120,RH,52,14828,SWISU,4,5,1982,1982,1425,1447,1,0,3,12,3,297789
547,120,RL,97,13382,OldTown,5,6,1917,1970,449,922,2,1,3,6,2,259246
548,60,RL,89,8151,Somerst,6,4,1973,1984,482,2047,1,0,3,7,2,347299
549,50,RH,90,7384,Somerst,3,8,1932,1955,883,1864,1,0,3,3,2,280741
550,45,RL,29,9239,NPkVill,4,7,1917,1977,434,1549,3,1,1,7,3,276906
551,30,RL,108,18002,BrkSide,7,5,1922,1981,1720,1378,1,0,3,6,1,246214
552,45,RL,58,16976,NoRidge,7,5,1982,1991,976,1447,2,0,2,7,3,306182
553,120,RM,85,6626,NAmes,5,3,1993,1993,808,2037,1,0,2,7,1,249577
554,120,RM,120,13700,NAmes,7,3,1883,1974,1237,1828,1,1,2,5,2,282561
555,40,RM,113,3574,BrDale,7,5,1884,1981,1403,2045,1,1,2,8,2,321755
556,120,RL,50,8710,Timber,5,6,1947,1984,1132,1329,2,1,5,7,1,168993
557,20,RM,41,6789,MeadowV,7,7,2002,2002,1022,1741,2,1,2,6,1,309292
558,80,FV,98,14777,BrkSide,9,5,1959,1973,656,2094,2,1,2,9,2,313888
559,50,RL,72,5337,NWAmes,5,5,1890,1988,1302,1036,1,0,4,4,2,204538
560,190,FV,59,12217,Sawyer,5,5,1999,2003,1616,1005,1,0,3,8,1,266330
561,45,RM,82,10502,Edwards,8,4,1905,1979,962,1637,2,0,3,6,1,286174
562,80,RL,66,9798,NAmes,6,4,1915,1999,710,882,1,0,3,7,2,248940
563,70,RL,84,17186,Blueste,4,6,2001,2001,1122,592,1,1,3,6,2,198967
564,30,RL,71,17538,NWAmes,6,8,1938,1980,1051,2087,1,1,3,6,2,309541
565,20,RL,84,9922,Gilbert,6,5,1975,1975,563,2174,2,0,2,4,3,445490
566,180,RL,52,9116,MeadowV,7,6,1885,1989,848,909,2,0,4,8,2,274935
567,160,RL,98,4472,Somerst,6,8,1977,1982,1765,784,1,1,2,8,0,223048
568,45,RM,83,10482,NAmes,5,4,1935,1974,510,1173,1,0,2,7,2,279656
569,80,C (all),82,18313,NridgHt,6,6,1973,1985,773,2126,2,0,3,9,2,392746
570,180,RM,47,9985,ClearCr,6,6,1906,1973,670,1294,2,1,3,9,1,268603
571,30,RL,103,13415,Crawfor,5,6,1999,1999,705,1547,1,0,3,7,2,242775
572,40,RL,69,4910,Veenker,6,5,1904,2007,871,1662,2,1,4,7,2,326087
573,180,RL,84,8760,Somerst,7,6,1965,1988,1229,1586,1,1,4,4,3,297860
574,20,RL,63,12349,SWISU,2,7,1891,1995,1573,2247,1,0,3,8,2,328287
575,20,RM,75,10923,Blmngtn,6,4,1966,1966,1131,1140,0,0,2,8,2,263934
576,190,FV,75,13798,Blueste,5,5,1988,1988,776,1448,1,1,5,4,2,258219
577,40,RL,20,8089,Mitchel,5,4,1968,1972,1665,1616,1,0,3,7,2,325124
578,160,FV,81,3500,Gilbert,5,7,1889,1967,222,1475,2,0,2,9,2,284209
579,50,RM,109,14988,Edwards,5,5,1953,1981,1319,890,1,1,3,5,2,336260
580,180,RL,80,6755,OldTown,7,7,1956,1982,639,763,1,0,3,6,2,252353
581,40,RM,50,12526,Blueste,5,5,1933,1985,1029,753,1,0,2,6,3,223266
582,20,RL,82,12303,ClearCr,7,4,1981,1981,1275,1863,2,0,3,6,1,285794
583,20,RL,91,3844,Blmngtn,4,3,1980,1980,407,1089,2,0,4,4,1,164958
584,80,RL,80,14696,NridgHt,8,5,1952,1965,1106,1734,1,0,2,6,2,282706
585,120,RL,68,8233,Sawyer,6,5,1951,1967,1137,1543,1,0,3,6,2,303537
586,160,RL,65,10720,SWISU,6,5,1933,1957,1634,1012,1,0,3,9,1,307246
587,180,RL,65,9067,Blueste,5,2,1882,1991,2136,1025,1,0,3,6,1,221171
588,190,RL,83,16990,NAmes,5,5,1990,1990,428,1567,1,2,2,6,2,297434
589,190,RL,41,15873,NPkVill,4,5,1975,2004,1616,1538,2,1,3,6,2,245602
590,180,RL,62,3250,Somerst,8,5,1950,2005,1034,1746,2,0,3,5,2,294286
591,30,RL,101,19535,ClearCr,6,6,1898,1960,726,1271,2,0,4,12,0,197537
592,190,RL,102,7786,Mitchel,6,6,1913,1955,1197,1076,1,1,5,8,3,325967
593,40,RL,40,18909,BrDale,7,9,1929,1950,529,1554,1,1,4,7,2,355088
594,30,RL,47,9475,BrkSide,5,4,1925,1961,552,2209,2,1,2,7,1,251207
595,40,RL,64,9136,Edwards,6,5,1962,2006,355,561,2,1,1,7,2,191457
596,70,RL,87,9510,Blmngtn,6,5,1930,1987,1268,1100,1,0,3,6,2,293617
597,20,RL,33,8896,IDOTRR,6,5,1933,1977,1180,1795,2,0,3,4,0,358527
598,120,RM,68,20597,Blmngtn,6,6,1969,1994,724,1608,1,1,5,6,2,357671
599,80,RL,60,10194,OldTown,5,5,1960,2007,1659,1802,1,1,3,11,2,291981
600,190,RL,96,9290,ClearCr,4,5,1997,1997,784,1285,1,0,3,5,1,231053
601,120,RH,36,10808,StoneBr,7,5,1898,1950,1563,694,2,0,1,7,1,206801
602,120,RM,71,6630,IDOTRR,6,10,1906,1981,1098,2335,1,0,4,3,1,297745
603,120,FV,62,16888,NWAmes,5,8,1886,1957,779,2041,2,0,2,5,2,285909
604,30,RM,99,4615,Mitchel,8,5,1948,2003,1004,1487,1,0,2,7,1,243650
605,40,RL,81,8043,Gilbert,3,4,1973,1989,548,1079,1,1,4,6,2,192268
606,90,RL,58,14246,Veenker,7,7,1992,2005,1136,1254,2,1,3,9,2,310464
607,70,RL,87,10669,NridgHt,10,10,1986,1992,1062,1614,0,1,2,6,2,279334
608,45,RL,62,12696,Blmngtn,8,5,1999,1999,1260,1374,1,2,3,5,2,350189
609,120,RL,89,16632,OldTown,7,5,1921,1973,1401,1492,1,0,2,7,2,354323
610,50,RL,65,14515,CollgCr,5,8,1892,1959,1096,2305,2,1,3,8,3,344164
611,30,RL,91,11049,Blmngtn,5,6,1897,1996,459,1961,2,1,2,4,2,249903
612,190,RL,78,18857,NAmes,7,5,1921,1988,1422,914,1,0,4,7,2,324673
613,160,RL,135,7986,Veenker,5,6,1930,1988,1055,1538,1,1,3,8,2,327689
614,190,RL,68,10098,Gilbert,4,8,1992,1992,292,1239,2,0,3,5,2,240235
615,80,RM,77,10378,NWAmes,7,7,1980,1985,1173,1648,1,1,2,9,2,328002
616,45,RL,60,10090,Timber,5,6,1882,1974,1204,1468,1,0,2,6,2,237881
617,90,RM,70,6223,Blmngtn,8,6,1958,2009,906,2983,1,0,3,5,2,372636
618,50,RL,20,4165,BrDale,7,4,1977,1999,970,1714,2,0,3,7,4,392092
619,190,RH,79,12168,IDOTRR,7,7,1902,2008,811,1432,1,0,2,5,2,360854
620,90,RL,96,7966,SWISU,7,5,1938,2006,1216,2421,2,0,3,7,1,324683
621,45,RL,77,18131,NWAmes,8,8,1992,1992,1105,1602,2,0,4,7,2,325086
622,120,RL,43,10209,Blmngtn,7,5,1947,1968,686,740,2,0,3,5,0,207381
623,50,RL,53,9494,Blueste,6,7,1933,1995,1697,1437,2,0,2,9,1,271769
624,90,RL,21,14877,Crawfor,5,5,1936,1994,783,1806,1,0,3,7,2,226368
625,80,RL,89,12108,Somerst,8,5,1990,1990,0,1742,2,1,3,7,2,327625
626,40,RL,49,9797,ClearCr,7,4,1939,1965,861,2002,2,1,0,6,3,269447
627,20,RL,69,7937,Veenker,5,6,1952,1952,1462,1576,1,1,3,5,3,275273
628,40,RL,66,25130,Timber,3,7,1934,1978,967,1541,1,1,3,7,1,227460
629,45,FV,99,11947,NAmes,6,6,1996,1996,396,798,1,0,5,8,2,191867
630,30,RL,71,14837,NAmes,3,5,1942,2002,638,2264,2,0,3,5,2,239595
631,20,RL,86,6408,Timber,8,3,1934,1999,617,1347,1,0,2,7,1,235556
632,70,RL,80,8188,Sawyer,9,8,1904,1978,819,1010,1,1,3,7,2,337739
633,80,RL,97,18949,Crawfor,4,6,1905,1980,945,2813,2,1,2,6,3,398172
634,70,RL,65,16087,ClearCr,6,6,1942,1966,1247,2340,2,0,2,8,2,298431
635,50,RH,107,12330,Gilbert,4,7,1952,1959,1101,1276,1,0,3,5,2,350243
636,180,RM,30,8973,SawyerW,6,6,1958,1976,1120,559,2,1,4,5,3,214926
637,20,RL,87,9563,NAmes,5,5,1944,2002,1761,1140,2,0,4,3,3,265341
638,70,RL,52,7795,Timber,6,6,1948,1990,1394,2289,1,0,2,6,2,366550
639,190,RM,60,5872,NoRidge,5,6,1888,1964,1359,1588,2,1,3,6,2,298910
640,70,RM,81,14195,BrDale,4,7,1905,2009,324,825,2,0,2,9,2,180998
641,90,RL,81,12655,Sawyer,5,7,1907,1993,749,1891,2,1,2,8,2,322320
642,40,RL,82,13444,NridgHt,4,3,1919,1980,411,1395,2,0,4,5,1,255847
643,90,RM,42,9152,Somerst,6,5,1906,1970,742,1175,2,1,4,8,2,251794
644,20,RL,98,11522,Somerst,3,3,1917,2009,1367,1213,1,1,2,7,4,244493
645,20,FV,51,8771,BrkSide,6,4,1964,2008,892,2153,1,0,2,6,2,292488
646,45,RL,54,7590,MeadowV,8,6,1943,2007,1478,1773,1,1,2,4,2,290707
647,90,RL,82,17168,Veenker,7,7,1909,1990,1327,756,1,1,3,5,2,230709
648,60,RM,64,10986,NoRidge,8,4,1978,1995,1070,1683,2,1,4,6,2,361567
649,190,RL,76,12529,Mitchel,8,5,1891,1994,1488,1553,1,0,2,8,3,332290
650,160,RL,26,13843,Timber,4,8,1970,2009,1595,1289,1,0,3,7,2,256973
651,40,RL,75,11036,OldTown,4,7,1909,1975,1231,1316,1,0,2,9,2,224115
652,20,RL,74,11462,OldTown,6,5,1917,1987,1141,1067,1,1,1,8,2,238862
653,45,RL,59,6153,Blmngtn,8,6,1964,2000,1303,1168,1,1,3,6,2,308029
654,180,RL,28,6915,NAmes,9,5,1939,1985,487,1644,1,0,4,8,3,325652
655,190,RL,65,6708,NPkVill,3,4,1917,2001,1002,1361,2,0,2,5,2,227279
656,90,RM,69,12921,OldTown,5,4,1983,1983,1040,1772,1,1,2,4,0,255968
657,40,RL,62,10783,StoneBr,4,5,1908,2000,902,1107,2,0,2,7,1,192057
658,180,RL,33,6915,Crawfor,7,5,1991,1991,734,1853,2,0,3,6,3,331553
659,90,RL,101,12820,Gilbert,6,8,1900,1963,1449,2157,2,0,2,6,2,357890
660,70,FV,57,12673,NPkVill,4,7,1998,1998,1118,1496,1,0,3,7,2,248866
661,180,RM,65,7720,StoneBr,6,5,1939,1962,1154,1760,2,1,3,8,2,194635
662,45,RL,21,10388,StoneBr,6,5,1992,1992,1619,1779,2,0,2,6,2,261368
663,40,RL,101,12688,MeadowV,7,5,2008,2008,971,1248,1,0,3,6,2,346448
664,120,RL,60,7066,Somerst,2,6,1937,1950,894,1781,1,1,2,7,1,259888
665,50,RL,71,12764,Edwards,8,7,1882,2006,1594,365,1,0,3,7,3,294323
666,50,RM,92,11704,OldTown,6,5,1902,1966,453,334,2,0,3,5,2,211460
667,40,RL,56,6503,Edwards,7,3,1962,1997,1070,1335,2,1,4,9,2,342252
668,180,RM,89,11379,Gilbert,7,6,1934,1999,754,1816,1,1,0,7,2,292430
669,90,RM,28,11962,ClearCr,4,5,1989,1989,1167,1457,1,0,3,7,1,262299
670,45,RL,81,7995,Edwards,4,5,1995,1995,1278,1872,2,0,2,9,2,260230
671,160,RL,101,8310,NridgHt,6,6,1941,2003,1301,899,2,0,5,9,1,244082
672,50,RL,58,6466,NWAmes,4,5,1966,2004,1460,1941,2,1,3,5,2,382448
673,45,RL,92,8704,Timber,7,5,1979,2008,948,2314,2,0,3,5,2,307048
674,50,RM,106,10451,Timber,6,5,1906,1966,973,1151,2,0,3,8,2,212656
675,70,RL,64,8321,NAmes,7,5,1913,1952,1260,1885,2,0,4,10,2,313691
676,90,RL,63,4560,SawyerW,5,7,1912,1983,1405,1511,1,1,4,7,2,260060
677,70,RL,52,7745,Sawyer,5,9,1971,1989,529,1720,1,0,4,6,1,274189
678,190,RL,59,8830,NWAmes,6,7,1975,1975,1175,2313,2,0,4,7,3,393264
679,50,RL,53,13767,IDOTRR,3,6,1974,1974,891,1663,1,0,4,6,2,237838
680,120,RL,52,12879,BrDale,6,6,1917,1983,1084,1882,1,0,3,12,0,372998
681,120,RL,93,13844,CollgCr,7,6,1920,1975,907,868,2,1,1,6,2,305568
682,70,RL,54,7543,Timber,5,8,1958,1980,760,1866,2,1,2,9,2,253271
683,120,RL,75,11066,NoRidge,7,5,2007,2007,642,2305,2,1,3,6,2,342325
684,50,RL,70,1300,NPkVill,4,5,1901,1979,989,1038,1,1,3,9,2,238473
685,40,RL,99,12215,Mitchel,5,6,1895,1969,1193,1338,2,0,3,6,2,225378
686,70,RL,59,12943,ClearCr,9,6,1911,1970,808,1843,1,1,2,8,1,225592
687,190,RL,77,9093,SWISU,9,5,1917,1978,1525,1723,2,0,3,10,1,442156
688,160,RL,85,11681,BrDale,6,6,1977,2008,2033,820,1,0,2,7,2,238084
689,160,RL,99,4440,Blueste,8,7,1900,1974,1215,1582,0,1,3,7,2,358051
690,30,RL,59,7295,NWAmes,6,5,1935,1987,1033,1333,1,1,3,5,1,293179
691,180,RL,57,13561,Sawyer,5,7,1925,2007,685,1015,2,1,2,7,1,193406
692,90,RL,48,12545,Timber,5,5,1922,1993,1198,2178,1,1,4,9,2,400009
693,120,RL,114,8852,NWAmes,8,8,1999,1999,1640,1502,2,2,3,6,2,348958
694,120,RM,97,13745,CollgCr,4,5,1925,1958,1829,1991,1,0,4,8,2,309644
695,180,RL,69,11053,NWAmes,6,6,1927,1988,1608,913,1,1,2,7,0,190665
696,20,RL,108,8483,SWISU,6,3,1963,1993,1387,1794,2,1,2,6,2,216492
697,190,FV,67,9768,NridgHt,7,4,1910,1975,1214,2030,2,1,1,6,2,317096
698,60,RM,84,8678,BrkSide,6,6,1950,2006,630,1378,1,1,2,6,3,332920
699,70,RL,70,5764,NAmes,5,5,1887,1986,1010,1251,2,0,2,5,2,176941
700,190,RL,77,15526,Crawfor,4,5,2009,2009,963,847,2,1,2,9,1,226099
701,80,RL,75,8227,NoRidge,6,3,1931,1986,1012,1065,2,0,4,8,2,262306
702,120,RL,61,7170,NoRidge,6,7,1924,1961,762,1273,2,1,4,6,2,310386
703,90,RL,91,4382,Blueste,6,7,1916,1973,1353,1012,1,0,4,6,2,303618
704,30,RL,84,1300,SawyerW,7,5,1923,1975,940,1116,1,0,5,7,0,258507
705,160,RL,90,13305,BrDale,4,6,1996,1996,907,1579,1,0,3,6,2,263504
706,120,RL,76,13674,StoneBr,8,7,1917,1958,763,1638,1,0,3,6,2,276865
707,30,RM,51,15272,Sawyer,6,6,1978,1978,1142,2045,2,0,2,6,1,261983
708,50,RL,104,9903,Mitchel,4,5,2003,2003,1648,1119,1,0,2,9,2,240630
709,190,RL,64,9212,NWAmes,5,6,1885,1978,1045,1511,1,0,3,5,2,217213
710,50,RL,77,8469,SWISU,7,5,1947,1980,1162,1291,2,0,4,6,2,289625
711,60,RL,82,8833,Edwards,8,5,1980,1980,1824,1255,2,0,3,10,1,322058
712,40,RL,77,14979,CollgCr,5,5,1892,1969,1531,1341,2,0,4,4,3,265668
713,80,RL,88,10393,NAmes,6,5,1909,1972,1285,1401,2,1,2,9,1,275856
714,190,RL,91,12012,Veenker,4,4,1979,1992,1268,1625,1,0,3,6,1,248809
715,20,RL,65,8731,NWAmes,3,8,1881,1976,808,1334,2,0,3,5,2,239677
716,60,RL,102,15783,NridgHt,6,5,1937,1979,769,2113,2,0,6,4,3,331686
717,45,RL,64,2881,SawyerW,6,5,1915,1970,1106,647,1,0,4,5,1,209373
718,20,RL,76,5617,Veenker,7,5,1951,1993,1116,2026,1,1,3,5,3,283897
719,70,RL,62,12018,NWAmes,5,5,2005,2005,710,1315,1,0,2,4,1,250521
720,90,C (all),56,17502,MeadowV,1,5,1956,1998,1331,1405,2,0,2,6,2,254618
721,190,RL,90,9599,Blueste,5,5,1929,1956,939,1495,1,0,3,4,1,277758
722,45,RL,132,7130,NridgHt,2,4,1911,1971,1500,1852,2,1,4,7,2,281839
723,45,RL,62,14502,Veenker,4,5,1977,1977,1027,1059,1,1,2,8,2,264352
724,60,RL,94,11794,NWAmes,5,5,1922,1972,992,1171,1,0,2,9,2,292708
725,180,RH,63,15660,NoRidge,5,3,2004,2004,675,1750,1,0,3,7,2,323323
726,40,RL,69,5338,NridgHt,5,6,1974,1979,718,650,1,0,4,10,2,226033
727,190,RM,105,15346,Veenker,6,6,1957,1983,1577,1482,1,1,3,3,3,295033
728,180,RL,48,4306,Edwards,3,6,1933,1962,1157,1101,1,0,3,5,1,238571
729,60,RL,43,9347,NWAmes,4,5,1926,2009,1205,995,1,0,3,6,1,140217
730,70,RL,68,12151,SawyerW,6,6,1893,1953,1690,680,2,0,2,8,2,298360
731,160,RM,83,11244,Mitchel,4,8,1934,1967,522,1886,2,0,2,9,1,276085
732,120,RL,79,14742,Timber,6,1,1942,2005,1318,1579,2,0,4,7,2,372223
733,120,RL,77,3193,NPkVill,3,3,1898,1972,414,1163,2,0,4,6,2,162239
734,40,C (all),70,11064,NAmes,5,5,1970,1982,874,1417,2,0,3,7,2,313721
735,70,RL,85,15298,StoneBr,4,4,1980,1983,591,953,2,0,3,5,3,253052
736,40,RL,20,10737,NWAmes,4,5,1916,1983,1393,1231,1,0,4,6,1,215127
737,190,RL,54,5930,Somerst,6,6,1986,1986,294,1400,2,0,3,7,1,251763
738,190,RH,68,14530,OldTown,8,5,1971,1984,957,1531,2,1,1,5,1,301488
739,30,RL,84,7906,SawyerW,3,10,1931,1966,586,1696,2,1,3,4,1,213684
740,180,RL,99,7202,Mitchel,5,5,1907,1977,708,597,2,1,3,8,2,163110
741,120,RM,52,6699,Veenker,6,5,1915,1963,769,1697,1,1,3,7,2,333326
742,45,RL,99,9705,BrkSide,5,9,1995,1995,1577,637,2,0,5,6,2,214808
743,180,RL,60,11232,NridgHt,7,7,1943,1997,915,1715,1,0,4,6,2,260659
744,80,RL,67,5423,SWISU,4,5,1897,1960,1740,1393,1,1,2,10,1,297582
745,190,RL,81,6245,Somerst,8,5,1968,2006,1824,2045,1,0,3,6,0,280144
746,90,RM,65,7722,NWAmes,5,7,1957,1962,1895,1162,1,0,3,5,3,277942
747,70,RM,92,6680,Blueste,5,5,1969,1982,1026,1890,1,0,3,7,0,236139
748,20,RL,61,10647,NWAmes,7,5,1887,2006,1134,916,1,0,3,7,3,337283
749,40,RL,62,11944,StoneBr,6,7,1894,2004,1201,1552,3,1,3,4,2,332946
750,190,RL,91,11395,Somerst,6,5,1886,1951,903,480,1,0,4,6,3,196996
751,180,RL,54,11401,NridgHt,6,4,1896,1983,1219,1941,2,1,3,6,2,260682
752,90,RL,74,17183,NridgHt,6,5,1965,2002,675,2363,2,0,4,7,1,353721
753,180,RL,36,12194,NWAmes,4,5,1997,1997,299,1150,2,0,2,6,2,240285
754,20,RL,106,13635,Veenker,6,7,1943,1986,1335,1561,1,0,3,7,2,282650
755,90,RL,94,8841,StoneBr,4,4,1891,1953,910,1721,2,0,3,10,1,227800
756,80,RL,125,14276,NoRidge,7,7,1935,1961,659,724,1,1,5,9,2,236974
757,20,RL,96,8650,Somerst,9,5,1980,1980,709,1125,1,0,3,7,1,338481
758,60,RL,47,12145,Timber,5,5,1895,2007,1656,1094,2,0,1,7,2,318601
759,50,RM,83,5014,Blueste,5,4,1881,1977,1235,2703,2,0,3,8,3,434123
760,60,RL,51,11164,Mitchel,3,6,2007,2007,441,2022,2,0,3,8,1,226765
761,120,FV,101,6598,NWAmes,2,8,1971,1971,575,1391,1,0,4,8,1,203712
762,180,RM,47,14244,BrkSide,8,5,1984,1984,933,1889,1,2,3,5,1,399730
763,190,RL,47,14003,Blueste,4,5,1910,2001,1240,1605,0,0,5,4,1,218636
764,190,RM,37,8633,CollgCr,5,5,1926,1967,732,1796,2,1,3,11,1,237833
765,190,RL,60,18698,CollgCr,7,7,1922,2002,980,973,1,0,2,10,1,286952
766,50,RL,56,9356,StoneBr,8,1,1944,2002,1095,2186,2,0,3,7,1,321563
767,60,RL,44,4051,Somerst,6,6,1929,2002,1104,1116,1,0,3,12,2,205807
768,50,RL,109,7383,Gilbert,6,6,1880,1976,91,1142,0,0,6,8,3,206324
769,160,RL,80,6323,Sawyer,6,5,2001,2001,1138,1795,1,1,2,7,2,364163
770,180,RL,78,12018,NridgHt,9,5,1907,1976,356,1672,1,1,2,6,1,314360
771,50,RL,101,5558,CollgCr,6,5,1965,1991,935,1511,2,1,2,7,1,212973
772,45,RL,75,8343,CollgCr,6,7,1961,1961,849,1919,2,1,3,7,2,279153
773,40,RL,55,11758,SawyerW,2,6,1901,1955,618,919,1,0,2,12,2,220662
774,40,RL,35,11054,Mitchel,4,5,1920,1960,1387,2422,1,1,3,7,3,319455
775,45,RL,53,10449,ClearCr,6,5,1955,1983,600,1249,3,1,4,8,0,232870
776,90,RL,100,11004,CollgCr,8,5,1968,1988,840,1455,2,1,3,8,2,313210
777,30,RM,44,9017,ClearCr,7,7,1938,1969,1401,2429,2,0,3,5,2,373370
778,90,RL,77,4084,Crawfor,9,5,1948,2002,829,1145,1,0,4,5,3,297894
779,20,RL,90,8912,Gilbert,6,5,2002,2002,746,2011,1,0,3,7,2,381205
780,20,RL,75,12374,BrkSide,7,5,1953,1970,942,1392,1,0,2,6,2,273620
781,50,RL,77,9952,IDOTRR,7,5,1886,1967,1266,1079,1,0,3,7,2,314298
782,60,RH,83,12065,Timber,6,5,1980,1980,1628,1308,2,1,3,5,2,383003
783,60,RL,77,8152,BrDale,5,4,1990,1990,675,1783,1,0,2,6,1,290913
784,40,FV,102,14477,IDOTRR,5,4,1931,1953,707,2007,2,0,3,5,1,233297
785,70,RL,49,1300,NoRidge,7,6,1903,1962,939,1612,1,0,6,6,2,304800
786,90,RL,74,11065,Mitchel,5,5,1905,1967,1142,701,2,1,3,5,1,194818
787,160,RL,33,15895,NPkVill,8,3,2004,2004,741,1817,0,0,3,10,2,382358
788,180,RL,28,16490,Timber,4,7,1969,1978,1325,1428,1,1,3,6,4,294983
789,120,RL,68,9572,Blmngtn,7,4,2001,2001,683,948,2,2,4,9,2,266975
790,80,RM,80,5195,Blueste,6,6,1889,2005,289,1673,1,1,4,10,2,222782
791,60,RM,102,15965,Veenker,7,5,1896,1962,1262,2066,1,0,3,9,2,237660
792,180,RL,118,10292,BrDale,5,4,1881,1976,1309,1503,1,0,3,6,2,234616
793,80,RH,96,9864,Blmngtn,8,5,1991,2009,1467,1961,2,1,3,8,3,410595
794,180,RM,84,6928,Mitchel,6,2,1906,1968,253,1731,2,1,3,5,2,315542
795,50,RL,73,5500,NoRidge,5,7,1950,1998,783,1737,2,1,2,5,2,265092
796,80,RL,39,12755,NoRidge,6,5,1997,1997,949,1347,2,0,3,9,2,245434
797,120,RL,67,13179,Somerst,5,4,1888,1987,1752,1909,3,0,3,4,2,312810
798,180,RL,95,11306,ClearCr,5,5,1965,1968,986,1957,2,0,2,10,2,330116
799,45,RL,87,7443,NPkVill,5,5,1902,2001,511,1896,2,1,2,7,2,300370
800,120,RL,44,6240,SawyerW,7,5,1952,1952,1168,1343,2,1,0,6,2,307009
801,80,RM,82,4771,Blmngtn,6,5,1906,1989,1573,1992,1,0,3,5,2,421928
802,120,RL,80,8257,Mitchel,6,5,1972,1972,1488,1693,3,0,3,8,1,364426
803,180,RL,76,6476,BrDale,5,7,1960,1970,1274,1013,2,0,2,7,3,216341
804,30,FV,69,3662,Blueste,5,5,1963,1971,1155,1309,1,1,4,8,2,209198
805,180,RM,83,13105,BrDale,8,6,1922,1964,142,1234,1,0,3,6,2,224661
806,180,RL,83,5223,NWAmes,6,7,1886,1999,1060,506,1,0,1,5,2,259531
807,50,RM,57,14435,ClearCr,8,5,1971,1988,1121,2001,1,0,2,6,2,261665
808,90,RL,79,12076,CollgCr,4,7,1962,1997,986,3050,1,0,3,6,2,367321
809,45,RL,66,11677,IDOTRR,4,6,1963,1988,1332,2104,1,1,2,3,2,294571
810,160,RL,40,17161,SWISU,7,5,1923,1981,979,1581,1,1,2,3,1,235790
811,60,RL,58,5356,NoRidge,6,9,1919,1998,902,1242,2,1,3,6,2,272993
812,20,RL,38,13995,Timber,4,5,1904,1953,1465,1037,1,1,3,8,1,219809
813,90,RL,89,9309,NPkVill,5,5,1938,1993,884,1575,1,0,3,7,2,302395
814,20,RL,77,20784,IDOTRR,7,6,1982,1994,1075,1984,1,1,3,6,1,247022
815,50,RL,62,8976,Edwards,5,5,1965,1981,1409,1162,2,1,5,7,2,232234
816,45,RL,98,8330,IDOTRR,6,5,1991,1991,645,2782,1,1,2,7,1,299412
817,190,RM,71,12202,Edwards,5,4,1965,2002,602,808,1,0,1,7,3,257773
818,180,RL,41,9664,SWISU,5,6,1977,1977,1593,1612,2,1,5,7,3,299769
819,190,RL,61,7466,ClearCr,10,7,1941,1982,812,1535,1,1,3,6,2,401380
820,190,RL,102,6618,OldTown,5,5,1887,1956,1326,1503,1,0,3,5,2,252762
821,40,RL,56,16332,SWISU,6,8,1992,1992,339,1215,1,0,2,6,2,267980
822,190,RL,75,5846,Crawfor,7,5,1939,1950,48,1541,2,1,2,6,1,321547
823,60,RM,84,11392,Blueste,5,5,1939,1965,1195,1275,2,1,2,7,1,185552
824,30,RL,81,14724,StoneBr,5,6,1985,1985,998,2143,2,0,3,8,1,305126
825,40,RL,118,14917,CollgCr,6,6,1881,2003,1199,2310,1,0,2,6,2,321689
826,50,RL,46,8093,Veenker,6,5,1970,1996,1799,1305,2,0,3,7,1,259031
827,90,RL,48,9675,MeadowV,5,3,1893,1955,555,677,1,0,3,8,1,186778
828,30,RL,46,8899,Blmngtn,5,7,1927,1951,1065,1658,1,1,0,6,2,290536
829,120,RL,64,4359,Sawyer,6,9,1982,1982,1640,1640,1,0,2,9,0,266241
830,80,RL,91,12650,Gilbert,6,6,1935,1953,612,1552,2,0,3,5,1,266920
831,30,RL,49,10654,Blmngtn,6,5,1891,1994,816,1766,1,1,2,9,3,248868
832,160,RL,92,16262,IDOTRR,3,10,1934,1972,343,2190,2,0,2,5,2,248677
833,190,RL,70,7207,Timber,6,7,1989,2003,1945,1916,2,1,2,6,2,393664
834,50,RM,47,14854,SawyerW,8,5,1883,1992,168,1765,1,0,3,7,0,312619
835,70,RL,34,15136,CollgCr,6,7,1915,1994,1369,1876,1,1,3,9,2,366003
836,80,RM,39,10688,Mitchel,6,7,1880,1992,522,1625,1,2,2,6,1,251146
837,20,RL,56,1816,SawyerW,6,8,1896,2000,629,1027,1,0,3,8,3,236373
838,60,RL,66,8449,Blueste,7,7,1941,1957,1475,2225,1,1,4,8,2,392991
839,20,RL,96,17643,IDOTRR,8,6,1927,1988,752,1551,2,2,3,5,3,372796
840,30,RL,85,11688,SWISU,4,6,1941,1974,1310,1027,1,2,1,7,2,240963
841,20,RL,53,13273,Crawfor,5,5,1948,1965,1602,936,2,0,3,7,2,316692
842,160,RL,78,10143,MeadowV,5,6,1982,1984,1130,1041,1,0,3,6,2,283900
843,50,RL,103,9606,StoneBr,5,7,1989,1989,1405,883,2,0,5,8,2,235458
844,120,RH,107,3030,Timber,4,9,1970,1970,1082,1834,2,0,5,9,2,262341
845,90,RL,63,13678,Crawfor,7,5,1993,2009,1100,1412,2,0,3,8,1,296449
846,60,RL,89,14818,Edwards,3,5,1968,1976,796,1888,2,0,3,10,2,198996
847,160,RL,97,6696,IDOTRR,6,5,1935,1964,1821,2084,1,1,4,4,1,302833
848,160,RM,39,9784,NAmes,6,6,1957,2009,1347,1955,1,0,4,4,2,378664
849,20,RL,59,9245,NAmes,4,6,1893,1966,1258,1817,2,1,3,9,2,324808
850,190,RL,114,12180,NridgHt,8,2,1904,1992,1358,1643,2,1,2,9,4,360745
851,20,RL,63,8322,Timber,7,5,1911,1954,779,1404,2,0,2,5,2,300995
852,30,RL,20,14225,OldTown,5,4,1961,1965,1422,1438,1,0,3,6,2,269796
853,90,RL,67,10785,Timber,5,2,1957,1964,1672,1792,1,1,3,8,1,270397
854,40,RM,92,1300,NPkVill,5,7,1985,1991,497,1019,1,0,5,5,2,257225
855,20,RL,70,12270,Blueste,6,5,1899,1995,1266,1473,2,0,4,6,3,273478
856,50,RL,84,14485,BrDale,4,5,1953,1983,1075,1128,2,1,2,7,2,299460
857,70,RL,88,5891,ClearCr,6,3,1889,1997,842,2086,2,0,3,11,2,320286
858,60,RL,62,12134,NridgHt,7,4,2002,2002,612,1858,2,1,2,8,1,330651
859,180,RL,59,17819,Blueste,4,6,1913,1957,1470,2568,2,1,3,8,2,270774
860,20,RL,73,10948,Blueste,7,5,1919,1996,1133,1121,2,0,3,6,3,188127
861,50,RL,73,15066,Veenker,3,7,2006,2006,967,1174,1,1,2,7,1,238721
862,50,RL,71,8731,Sawyer,8,5,1912,1954,1266,1528,2,0,2,5,2,294686
863,60,RL,71,10428,Sawyer,4,5,1950,2001,999,1137,1,1,2,12,2,271412
864,40,RL,55,9681,NridgHt,6,5,1977,1997,768,1768,2,1,2,7,1,250019
865,50,RL,85,8951,Somerst,5,6,2003,2003,1101,1474,1,0,4,7,2,261094
866,70,RM,81,9909,NoRidge,7,5,1922,1975,1038,1255,2,0,1,9,1,319501
867,50,RL,43,3977,SWISU,6,8,1993,1993,340,2043,2,1,2,3,1,314503
868,50,RL,62,9176,NAmes,4,6,1968,1993,798,575,2,0,2,10,2,172649
869,50,RM,71,15851,NridgHt,6,5,1892,1972,544,1771,2,1,4,6,2,277533
870,120,RL,59,6645,BrDale,5,7,2007,2007,389,1224,2,0,3,6,1,307750
871,120,RM,82,6235,BrDale,6,8,1931,1958,1237,1908,2,0,2,5,3,329192
872,40,RL,68,10744,Blueste,8,5,1896,1998,782,2028,1,0,3,8,1,311134
873,20,RH,73,10944,SawyerW,5,5,1892,1969,1466,361,2,1,3,9,4,262286
874,50,RL,61,12009,Mitchel,5,6,1963,1977,318,1394,1,1,3,4,2,260904
875,90,RL,30,10045,Somerst,2,5,1976,1993,930,1529,2,0,3,4,2,281260
876,20,RL,28,10787,CollgCr,6,9,1985,2006,803,334,2,1,2,9,1,237637
877,40,FV,81,9096,Somerst,5,5,1975,1986,418,1613,2,1,4,5,2,301324
878,190,RM,75,5396,Gilbert,5,3,1887,1973,1052,1235,2,0,3,7,1,288686
879,190,RL,78,10214,Blmngtn,4,9,1935,1993,453,897,2,0,3,7,2,194777
880,45,RL,72,13398,BrkSide,5,7,1983,1983,1139,1174,2,0,2,9,2,240598
881,20,FV,74,12560,SWISU,9,4,1962,1969,1338,1088,1,0,4,7,1,248524
882,20,RL,89,3523,Blueste,5,8,1923,2009,1157,1214,2,0,3,6,2,247012
883,80,RM,78,11507,MeadowV,6,5,1982,1997,1207,1592,2,1,2,10,1,236427
884,30,RM,90,6928,OldTown,7,5,1991,1991,1462,1990,1,2,2,6,2,369725
885,180,RL,73,16068,StoneBr,7,8,1921,1993,1039,1461,2,0,3,6,1,258523
886,80,RL,63,11805,SWISU,5,5,1909,1958,719,2051,2,0,3,5,2,326340
887,70,RL,73,14085,Edwards,6,4,1905,1994,806,977,3,0,4,10,2,271287
888,120,RL,53,10584,Somerst,7,5,2004,2004,815,1576,2,1,3,7,2,292759
889,120,RM,62,10235,Somerst,2,6,1898,1966,632,2553,1,0,3,4,1,290021
890,30,RL,73,16483,Blmngtn,5,4,1932,1985,1363,704,1,1,2,7,1,230046
891,60,RM,73,14391,Crawfor,4,6,1964,1964,1260,685,2,0,3,6,1,155875
892,60,RL,67,10971,Sawyer,5,6,1896,1968,383,2139,2,1,5,10,1,227690
893,40,C (all),42,9701,CollgCr,5,5,1983,1983,719,1610,2,0,3,6,1,236856
894,160,RL,82,3671,IDOTRR,7,6,1984,2008,613,1199,1,0,2,8,2,280565
895,30,RL,86,11798,NoRidge,4,7,1983,1983,1176,935,2,0,2,7,2,222032
896,180,RL,102,9995,NAmes,6,5,2003,2003,1480,1482,2,0,2,4,2,285871
897,20,RL,78,12715,Somerst,6,5,1960,1993,1229,1566,1,1,3,9,2,325056
898,60,RL,70,13931,NridgHt,6,5,1916,1981,769,1569,1,0,4,5,2,309210
899,180,RM,49,15431,NAmes,7,6,2000,2000,922,930,1,0,2,7,4,270178
900,50,RL,99,11847,Sawyer,5,7,1949,1960,492,1331,1,1,3,8,2,215312
901,160,RL,74,6314,Gilbert,8,5,2009,2009,523,1215,1,0,3,7,2,354884
902,90,RL,73,1902,NWAmes,6,5,1938,1951,1388,1823,1,0,4,5,4,469879
903,20,RL,64,7201,NWAmes,6,5,1997,1997,1627,959,2,1,3,10,4,261869
904,70,RL,63,15833,NridgHt,7,5,1916,1953,764,1538,1,1,2,6,2,328435
905,50,C (all),83,17793,NoRidge,5,5,1910,1966,1069,2817,1,0,2,7,2,330956
906,50,RH,49,9548,ClearCr,3,7,1978,1978,1338,925,1,1,3,8,2,248491
907,30,FV,102,4656,CollgCr,6,5,1973,1977,384,1126,1,1,4,9,2,216021
908,160,RM,98,7906,SawyerW,6,6,1885,1979,630,1453,2,0,2,7,3,219153
909,40,RL,62,15051,Gilbert,8,5,1894,1989,1847,334,1,1,3,6,2,221684
910,70,RL,52,8135,BrkSide,9,6,1895,1972,666,786,2,1,3,8,2,248260
911,60,RL,29,12856,SWISU,5,4,1899,1995,905,1655,2,1,3,5,2,257575
912,180,RM,44,11174,SWISU,5,6,1956,1973,808,1412,1,1,2,4,1,287839
913,30,RL,84,13340,BrkSide,5,5,1923,1978,252,2027,2,0,4,9,2,238559
914,60,RL,76,17772,BrDale,5,4,1925,1953,1083,1380,2,0,3,7,2,237286
915,30,RL,79,12859,BrkSide,7,5,1974,1987,1039,1336,1,0,3,5,1,378468
916,30,RL,33,11087,Sawyer,7,6,1943,1978,1122,1148,2,0,3,7,4,306837
917,30,RM,62,18213,Veenker,5,3,1888,1968,1016,1328,2,0,6,5,2,260824
918,160,RM,97,11898,Somerst,3,3,1921,1976,866,894,2,1,3,4,2,220524
919,40,RL,68,7328,MeadowV,5,7,1952,1978,843,1426,1,0,3,5,2,242445
920,30,RH,44,13249,Crawfor,5,7,1963,2005,849,1014,2,0,3,8,3,252144
921,45,RL,67,12289,NridgHt,7,5,1938,1985,654,894,1,1,3,8,3,252553
922,90,RL,54,9268,Somerst,4,6,1900,1984,716,1180,1,1,2,7,2,217634
923,60,RL,76,8429,Crawfor,7,5,1942,2001,661,1725,1,1,5,5,2,340317
924,20,RL,70,9306,SWISU,6,6,1952,1955,1279,1571,2,0,4,8,1,318439
925,80,RL,80,8372,NridgHt,7,7,1940,2008,1172,1833,2,1,3,6,2,212407
926,180,RH,45,9436,MeadowV,5,3,1943,1972,1060,1038,1,1,3,7,3,294881
927,70,RL,61,7128,SawyerW,6,6,1948,1988,1826,1493,1,0,2,9,2,294393
928,120,RM,91,12044,ClearCr,6,5,2008,2008,679,2350,2,0,4,6,0,333887
929,40,RL,42,11744,Sawyer,7,5,1985,1993,1497,2198,2,2,3,7,1,330292
930,20,RL,49,11880,Somerst,5,6,1944,1997,945,862,1,0,3,10,3,241667
931,50,RL,73,10250,MeadowV,5,8,2001,2001,1112,995,2,0,4,6,2,308045
932,190,RL,75,9789,Blueste,6,3,1941,1957,1318,2348,1,0,3,7,2,358064
933,45,RL,60,16268,Gilbert,4,2,1982,2004,858,1725,2,0,4,7,2,322406
934,120,FV,64,10769,Gilbert,5,4,1939,1951,627,1404,2,0,3,6,1,240973
935,80,RL,80,15555,NWAmes,9,9,1925,1962,693,1348,1,0,3,8,2,301751
936,20,RL,86,6514,MeadowV,3,6,1884,1989,207,1613,2,0,3,8,2,211109
937,120,RL,48,12856,Gilbert,5,6,1992,2006,1292,1619,2,0,3,6,2,238991
938,20,RL,77,7561,Gilbert,5,3,1949,1970,1283,1233,1,1,6,4,2,158095
939,180,RL,100,8275,ClearCr,6,7,1890,1980,1683,1418,1,1,3,12,2,256461
940,45,RL,67,8852,BrkSide,4,7,1977,2001,1215,1215,1,0,3,7,1,280067
941,80,RL,48,8601,SWISU,6,6,1910,1997,1312,1584,1,1,2,5,3,366932
942,50,RL,47,8621,Veenker,4,5,1891,1985,1017,1131,2,0,1,6,3,164357
943,30,RL,66,15369,OldTown,4,3,1987,1997,1235,866,1,0,3,7,2,281643
944,60,RL,90,10681,ClearCr,6,6,1959,2001,1485,2237,2,1,3,5,3,321987
945,50,RL,69,11400,Veenker,5,6,1946,1987,1122,1465,1,0,4,4,2,214144
946,30,RL,73,8671,NridgHt,9,4,1931,1976,841,2348,3,0,3,8,1,416699
947,190,FV,50,13927,NWAmes,3,6,1904,1985,961,533,1,0,3,8,2,164453
948,160,RL,89,11920,Somerst,5,5,1914,1997,1350,775,1,1,3,6,2,327093
949,160,RL,47,9264,Sawyer,4,6,1901,1972,853,1733,1,0,3,4,2,229342
950,160,RL,59,4162,Mitchel,5,5,1975,2004,1405,1465,2,0,4,7,1,265253
951,40,C (all),82,11365,NridgHt,10,4,1996,1996,1813,921,1,1,3,6,2,297236
952,90,RL,29,12802,CollgCr,8,5,1899,1962,1410,2068,0,0,2,6,2,357706
953,70,RL,73,6584,Veenker,3,5,1985,1986,1348,1065,2,0,3,6,1,251917
954,70,RM,49,9318,SWISU,6,5,1883,1996,1189,2099,2,0,0,5,1,223407
955,160,RL,70,12648,CollgCr,6,7,1897,1975,739,1464,2,0,3,6,2,292265
956,60,RL,62,4216,StoneBr,4,2,1930,1989,702,965,1,0,2,10,2,201008
957,80,RL,112,7904,Veenker,4,5,1899,1956,698,1165,1,1,3,6,2,190558
958,45,RL,62,12007,NPkVill,8,2,2001,2001,1271,2186,2,1,2,6,1,286355
959,80,RH,106,14920,ClearCr,9,4,1959,1988,894,1351,1,0,2,6,2,369181
960,45,RL,81,19243,BrDale,10,5,1981,1981,1038,1986,1,0,3,7,2,396935
961,80,RL,53,18334,NPkVill,7,3,1904,1988,1217,2200,1,0,0,8,2,307858
962,90,RL,76,11075,SWISU,6,6,1938,1972,713,1459,2,0,1,6,1,294012
963,40,RL,63,8563,NoRidge,5,4,1924,2007,849,1388,1,0,3,8,3,286719
964,40,RL,74,14192,NAmes,4,6,1920,1979,1179,1297,2,0,2,5,1,265258
965,160,RM,55,8325,Blmngtn,3,3,1917,1967,933,1676,1,0,2,9,1,289803
966,190,RL,103,7451,ClearCr,6,3,1996,1996,971,2252,2,0,2,5,2,347159
967,30,RL,88,9278,Gilbert,7,5,1898,1967,636,886,2,0,4,4,2,317833
968,190,RL,70,8777,CollgCr,7,7,1893,1995,976,1609,1,0,3,5,3,370767
969,120,RL,104,12150,CollgCr,8,6,2006,2006,1710,1587,1,0,3,5,1,384185
970,40,RL,71,8090,SWISU,7,6,1882,1988,871,597,2,0,4,7,2,174910
971,40,RL,91,10840,IDOTRR,10,4,1916,1979,591,1056,1,1,1,6,2,308000
972,50,RH,70,16879,NoRidge,5,7,1996,1996,1433,1158,2,0,3,8,2,285036
973,50,RL,77,10988,Mitchel,7,1,1895,1956,1259,1882,2,0,4,4,0,308957
974,30,RL,68,16566,NridgHt,6,5,1888,1956,1135,1969,2,0,3,7,1,289103
975,180,RL,71,15308,SWISU,5,6,1886,1954,522,562,1,0,5,6,1,200481
976,120,RL,73,12868,BrDale,9,5,1894,1950,579,1819,1,1,4,7,2,363223
977,190,RM,56,9083,SawyerW,8,9,1951,1995,435,1754,2,2,2,4,2,235030
978,60,RL,61,14662,Edwards,4,3,1983,1983,1222,1789,1,0,5,4,2,343707
979,50,RL,65,9500,SWISU,2,10,2008,2008,1457,1576,2,1,4,6,2,199296
980,60,RL,74,10491,SawyerW,6,6,1975,1975,1236,1975,2,0,3,8,2,304935
981,20,RL,69,11820,SWISU,6,5,2001,2001,1829,2085,1,0,5,7,3,315317
982,50,RL,93,10478,Blmngtn,8,3,1994,1994,873,683,1,0,1,4,2,246613
983,90,RL,86,7618,Veenker,5,5,1959,1959,920,1475,1,1,3,5,1,301822
984,180,RM,66,4391,Edwards,4,8,1886,1981,1092,1372,2,0,2,6,2,243787
985,120,RL,97,14336,Somerst,5,5,1929,1966,958,1213,1,2,2,6,2,275878
986,30,RL,107,12781,IDOTRR,2,6,2009,2009,1249,1272,1,0,3,7,2,255340
987,20,RL,29,3617,CollgCr,3,10,1926,1964,794,1593,2,0,3,6,0,153692
988,120,RM,88,7512,Timber,8,5,1893,1964,492,851,1,1,3,6,1,223737
989,190,RL,56,11216,NridgHt,5,5,1910,2006,334,1835,1,1,3,7,2,291357
990,160,RM,86,12270,StoneBr,5,6,1929,1997,1242,1315,1,1,3,6,1,279448
991,90,RL,94,4426,Crawfor,2,4,1920,1989,839,1937,2,1,2,5,2,176542
992,120,RL,52,10143,NridgHt,5,4,1893,2000,582,1190,1,0,3,7,1,254579
993,90,RM,32,12658,Mitchel,7,5,1884,1969,802,1162,2,0,4,6,1,277220
994,90,RL,86,9093,Timber,6,5,1884,1964,1831,1027,2,0,3,9,1,224346
995,60,RL,72,11523,Blmngtn,7,6,1992,1992,605,1192,2,0,3,8,0,277114
996,80,RL,36,8549,NWAmes,5,3,1997,1997,1340,1099,2,1,3,5,1,250142
997,160,RM,120,14136,Sawyer,5,9,1975,1979,1218,1717,1,1,3,5,2,316742
998,190,RL,82,7302,NridgHt,6,2,1915,2006,1586,2023,1,1,3,6,2,237855
999,20,RL,83,5931,Crawfor,5,6,1958,1958,1000,1693,1,0,5,6,2,268709
1000,120,RL,97,10615,ClearCr,7,5,1898,1980,425,1461,2,1,3,9,1,308054
1001,45,RL,58,4765,Sawyer,5,4,1901,1997,1447,1743,1,1,3,6,3,322598
1002,20,RL,72,2079,Sawyer,6,4,1935,1996,950,1481,1,0,3,9,4,336692
1003,80,RM,43,14834,IDOTRR,4,7,1896,1981,1559,1514,1,0,3,7,0,234719
1004,20,RM,57,6563,NAmes,6,7,1896,1994,1376,1346,1,1,3,9,3,312932
1005,40,RM,77,5165,MeadowV,8,5,1957,2007,1448,1918,2,0,3,7,1,335906
1006,190,RL,36,7252,Sawyer,6,5,1935,2001,1997,334,2,2,3,7,2,214698
1007,45,RL,57,7073,Sawyer,6,5,1959,1964,1162,433,1,0,3,7,1,215984
1008,80,RM,51,9931,StoneBr,9,3,1929,1967,1627,2013,2,0,3,8,2,455967
1009,60,RL,72,6126,CollgCr,6,6,1937,1962,888,1401,1,0,4,6,2,321819
1010,120,RM,81,12492,SWISU,5,7,1897,1973,1266,1958,2,0,3,9,2,250303
1011,180,RM,84,13084,Sawyer,5,5,1955,1989,849,1195,2,0,5,7,2,235469
1012,70,RL,89,5400,Veenker,6,10,1889,1963,1241,2337,1,0,2,6,2,282152
1013,80,RL,97,8027,Timber,7,3,1948,1977,1199,1431,1,1,2,11,2,311441
1014,30,RL,82,8407,SWISU,5,6,1964,1964,225,1724,2,1,3,9,3,314263
1015,190,RL,107,9839,NWAmes,5,5,1962,1962,805,1276,2,0,3,8,3,346716
1016,120,RL,72,14830,NWAmes,10,5,1988,2005,1142,1051,2,0,3,6,3,270080
1017,160,RM,66,15061,ClearCr,4,5,1923,1974,147,629,2,0,2,10,3,211759
1018,80,RL,82,20495,BrkSide,5,5,1897,1950,1011,1892,2,1,2,8,1,272475
1019,40,RL,65,1422,Blmngtn,3,6,1972,1974,1453,1697,2,0,3,7,2,255438
1020,70,RL,107,6802,Veenker,7,6,1917,1951,1570,1546,2,0,2,9,1,261806
1021,40,RL,92,17756,IDOTRR,4,5,1930,1981,737,930,1,0,3,5,3,282865
1022,70,RL,85,3297,Timber,6,7,1898,1962,1595,2207,2,1,3,5,1,243956
1023,160,RL,72,17665,CollgCr,3,5,1999,1999,1533,1552,2,0,3,7,2,250303
1024,180,RL,61,11089,BrkSide,6,6,1947,1981,190,1851,2,1,2,4,1,285830
1025,190,RL,84,11236,ClearCr,7,4,1945,2005,1096,1498,1,1,2,7,1,313210
1026,30,RL,47,5380,NPkVill,5,4,1977,1977,1140,955,1,0,3,6,1,286220
1027,120,RL,100,8695,StoneBr,6,5,1967,1976,1657,1996,2,0,2,5,2,292386
1028,60,RM,66,17489,NoRidge,5,6,1912,1953,1164,1725,2,0,3,6,1,296594
1029,40,RL,76,10309,OldTown,5,6,1984,1984,1607,1409,2,0,4,7,2,288753
1030,40,RL,51,8722,SawyerW,7,5,1953,1972,737,1716,1,0,2,5,2,307936
1031,90,RL,84,12122,NoRidge,5,3,1961,1978,410,1908,1,0,2,4,2,259245
1032,70,RL,60,9731,BrkSide,6,5,1898,1983,790,1830,1,1,2,6,1,284698
1033,50,RL,82,11880,BrkSide,4,6,1950,1970,1680,644,2,0,4,8,3,234697
1034,180,RL,85,7101,Blmngtn,5,6,1936,1979,1420,754,1,0,2,9,2,227430
1035,120,RL,57,10191,Gilbert,5,4,1958,1975,1978,1866,2,0,5,5,0,278733
1036,70,RL,47,7935,NAmes,6,1,1921,1969,472,1151,1,0,3,7,2,259391
1037,90,RL,100,3284,Sawyer,5,6,1995,1995,1466,975,2,0,3,6,2,212581
1038,20,RL,66,12427,NridgHt,7,4,1883,1952,1351,1686,2,0,2,6,2,299948
1039,70,RL,74,5564,NWAmes,4,4,1883,1998,935,960,2,0,3,9,0,169403
1040,60,RL,79,9841,BrkSide,2,1,1884,1986,1360,1260,1,1,3,6,2,207011
1041,120,RL,44,14204,Somerst,7,5,1920,2007,1105,1926,2,0,3,6,2,316755
1042,180,RL,79,4508,StoneBr,7,5,1987,1989,1234,742,1,1,3,5,1,298587
1043,90,RL,71,12918,Edwards,3,6,1966,1993,1322,815,1,0,3,10,2,238104
1044,20,C (all),57,9300,MeadowV,6,5,1983,1983,1442,694,1,1,3,6,2,273498
1045,190,RL,46,6633,NWAmes,5,6,1996,1996,1084,1069,2,0,3,7,2,266238
1046,45,RM,82,18591,Edwards,7,4,1980,1993,1760,1541,1,1,3,6,2,323034
1047,90,RL,92,10497,Mitchel,7,7,1954,2008,963,1190,2,0,3,6,2,275217
1048,45,RL,73,8227,Edwards,7,5,1954,1954,1803,2251,1,0,2,8,3,278671
1049,120,RL,41,7379,CollgCr,7,6,1892,1982,598,1727,1,0,3,4,2,322278
1050,40,RL,48,14024,StoneBr,5,5,1904,1964,655,1490,1,0,3,7,2,261450
1051,90,RL,61,8051,Mitchel,7,3,1994,1994,679,2133,2,0,0,7,2,395891
1052,190,RL,101,13526,NWAmes,6,5,1961,1983,1432,834,1,1,3,5,2,242983
1053,30,RL,65,10490,StoneBr,3,6,1889,1966,727,1933,2,0,2,5,2,291229
1054,45,RM,60,14964,Blmngtn,5,4,1929,2001,1646,1381,2,1,2,7,2,272074
1055,60,RM,36,6329,Mitchel,8,8,1894,2007,839,1272,2,0,4,6,2,263175
1056,30,RL,56,6887,Timber,8,9,1895,1990,1209,1805,1,0,3,6,3,417025
1057,80,RL,45,9375,Blmngtn,4,5,1881,1993,1306,1293,1,0,3,4,2,253622
1058,80,RL,49,9707,OldTown,7,8,1909,1953,643,1590,2,0,4,8,1,347105
1059,20,RL,72,9081,CollgCr,7,4,1961,1962,493,1450,2,0,2,9,2,293047
1060,180,RL,61,21025,Veenker,5,2,1910,1953,1163,1653,1,1,4,8,2,310329
1061,40,RL,103,18752,MeadowV,5,3,1956,1956,939,1246,2,0,2,7,2,296541
1062,120,RL,91,11696,ClearCr,6,6,1993,1995,1249,1963,1,1,3,7,0,295034
1063,90,C (all),57,12167,Gilbert,5,3,1914,2008,511,477,2,1,3,6,2,203402
1064,50,RL,51,9554,NridgHt,4,8,1902,1958,907,1820,1,0,4,5,2,267764
1065,60,RL,97,6300,Blueste,6,4,1985,1985,977,554,1,1,3,8,1,259592
1066,45,RH,103,9771,Sawyer,8,5,1976,1982,75,1123,1,0,3,8,2,229554
1067,120,RL,26,13584,SWISU,6,7,1994,1994,1448,1761,2,0,3,8,2,352228
1068,30,RL,71,15722,SWISU,7,5,1979,1979,747,493,3,0,2,7,2,278058
1069,160,RH,64,14482,NoRidge,5,5,1934,1953,1649,1583,1,0,3,9,2,262390
1070,80,RL,82,4460,Mitchel,4,6,1887,1950,772,814,2,1,2,9,2,172975
1071,160,RL,108,9343,NoRidge,6,5,1938,2003,841,1015,2,1,3,6,2,189809
1072,190,RL,60,4624,SawyerW,5,5,2007,2007,553,992,2,0,3,6,2,316858
1073,60,RL,28,15175,Blueste,7,5,1911,1983,1508,828,1,0,4,7,1,233227
1074,50,RL,81,8850,SawyerW,4,5,1972,1976,1231,635,2,0,3,5,1,254974
1075,90,FV,97,10311,Gilbert,5,9,1886,1970,1610,2535,1,1,3,9,2,323507
1076,20,RM,63,12420,SWISU,5,7,1881,1973,967,1408,1,0,2,6,2,293104
1077,50,RL,55,21564,Veenker,8,5,1964,1964,1033,881,2,0,2,7,2,311188
1078,60,RM,61,11573,Edwards,4,5,1985,1985,377,1218,2,1,3,7,2,301603
1079,50,RL,87,9546,CollgCr,1,5,1915,1974,800,1518,2,0,3,7,0,218416
1080,60,RL,60,5535,StoneBr,5,9,1924,2004,1118,1310,2,2,3,5,2,267681
1081,60,RL,76,16334,BrkSide,7,4,1921,1958,1204,866,2,0,3,12,1,268891
1082,70,RL,70,9773,Crawfor,4,5,1932,1966,1779,1050,1,1,2,5,3,288160
1083,45,RL,68,17128,Blueste,5,6,1989,1989,309,2092,1,0,3,8,1,394199
1084,160,FV,84,14922,NWAmes,4,9,1888,2009,1141,798,2,0,2,8,2,211850
1085,80,RL,60,8648,Sawyer,6,4,1966,1966,899,501,2,1,2,5,1,178732
1086,70,RL,61,4930,CollgCr,3,5,1993,1993,1080,1306,3,1,2,9,3,261073
1087,90,RL,85,11590,Sawyer,5,5,1954,1954,1091,534,2,1,3,7,3,209614
1088,70,FV,50,8040,NPkVill,5,2,2009,2009,973,1045,2,0,3,7,1,255307
1089,40,FV,52,10657,BrkSide,6,6,1890,1992,596,874,2,1,2,7,1,255584
1090,40,RM,44,14696,MeadowV,7,6,1929,1977,522,878,1,0,3,7,0,246046
1091,80,RL,86,3885,MeadowV,6,6,2001,2001,944,1534,1,0,3,5,2,270472
1092,50,RL,67,11558,Crawfor,8,3,1954,1975,481,1628,2,0,4,8,2,299372
1093,45,RL,43,13538,Blueste,8,3,1910,1960,1004,1097,2,1,3,7,2,240640
1094,80,RL,87,13732,Mitchel,5,5,1971,1973,948,1452,2,1,1,5,0,299623
1095,60,RL,58,5045,BrkSide,7,5,1971,1992,69,1072,1,0,5,7,2,285523
1096,30,FV,52,12177,Blmngtn,7,7,1954,1959,1823,1700,2,0,2,7,2,282812
1097,45,RL,66,15314,BrkSide,8,4,1971,1986,1080,761,2,0,3,7,2,389266
1098,180,RL,99,11872,BrDale,5,3,2008,2008,75,1582,2,0,3,5,2,251403
1099,160,RL,62,10037,NWAmes,6,5,1921,1993,1148,1620,1,0,2,6,1,294229
1100,45,RL,81,15058,SWISU,5,5,1989,1991,968,2667,2,1,3,4,2,325183
1101,60,RL,84,7722,BrDale,7,5,1897,1988,522,622,2,1,2,7,2,242654
1102,60,RL,78,4380,NAmes,4,7,1956,1968,1173,2827,2,1,4,9,2,340613
1103,20,RL,95,9697,Blueste,5,4,1899,2000,673,1878,2,0,2,3,1,207295
1104,80,RM,55,12640,BrkSide,5,6,2006,2006,1127,2413,2,0,3,6,2,395997
1105,60,RH,49,14655,Somerst,5,5,1954,1961,769,1952,1,0,3,8,4,271693
1106,40,RL,48,12622,BrDale,6,5,1941,2001,687,1028,1,1,0,3,3,295027
1107,90,RL,67,13843,Veenker,4,8,1911,1971,1043,1828,2,0,3,4,2,258708
1108,30,RM,51,14681,BrkSide,5,5,1907,1996,401,1167,1,1,4,7,2,228767
1109,160,RL,72,9142,Timber,8,6,1953,1986,1016,1455,2,1,3,8,2,337892
1110,80,RL,71,9908,CollgCr,5,5,1960,2005,1312,912,1,0,3,8,1,245472
1111,120,RM,90,15648,StoneBr,7,5,1901,1979,1558,1160,1,0,3,8,2,322067
1112,40,RL,75,5659,Somerst,4,7,1975,1995,1485,1948,2,1,4,6,1,259810
1113,190,RL,61,12216,Mitchel,5,7,2001,2001,1591,1718,1,1,2,9,1,348300
1114,180,RL,78,7633,Veenker,7,7,2002,2002,868,2012,2,0,3,4,3,292599
1115,50,RL,49,14901,BrkSide,7,6,1931,1970,640,801,2,0,2,6,3,223066
1116,60,RL,69,10428,IDOTRR,5,5,1957,1960,1376,564,1,0,4,6,3,263779
1117,120,RM,76,10530,NoRidge,8,6,1949,2009,843,2050,2,1,3,5,1,384082
1118,60,RL,72,17415,NoRidge,8,6,1900,1986,1052,2013,1,0,4,6,3,361017
1119,45,RL,78,6195,NPkVill,9,2,1943,1997,1348,1605,2,0,4,7,1,411592
1120,40,RL,57,11363,MeadowV,5,5,1955,2007,1858,1709,1,0,2,7,2,271006
1121,45,RL,93,9779,OldTown,4,7,1940,1967,1261,1932,1,1,1,6,2,236082
1122,20,RL,106,12629,NoRidge,6,5,1974,1993,1132,1590,2,0,2,8,2,337957
1123,45,RM,37,18217,Edwards,6,5,1919,2008,601,1768,2,1,3,8,3,298446
1124,20,RL,45,8079,NPkVill,4,7,1883,1976,1517,1907,1,0,3,6,2,314973
1125,180,RM,70,5710,NoRidge,7,4,1910,1986,1213,1453,2,0,3,6,2,251459
1126,20,RM,64,7262,Edwards,2,5,1948,1997,911,1327,2,0,3,6,1,190358
1127,120,RL,107,9568,Blmngtn,6,6,1949,1961,869,1691,2,0,3,5,3,382051
1128,60,RL,74,10756,NAmes,5,5,1884,1972,887,2632,1,1,3,8,2,307606
1129,50,RH,97,10958,Edwards,7,6,1994,1994,1067,1076,2,0,2,4,2,350826
1130,160,RL,29,17710,StoneBr,5,4,1970,1987,466,1284,2,0,2,5,2,276450
1131,45,RL,86,16999,OldTown,7,5,1887,1972,1537,621,2,0,3,5,2,245674
1132,190,RL,55,15711,Somerst,6,4,1888,2002,1463,1717,2,1,3,8,2,363438
1133,160,RL,55,20557,Sawyer,7,8,1894,1974,983,1235,1,0,4,4,1,278198
1134,40,RL,65,13796,Mitchel,9,5,1984,1984,888,799,1,0,3,7,2,296986
1135,20,FV,41,14933,Gilbert,6,5,1886,1979,1040,1468,1,0,3,4,3,279748
1136,60,RH,78,13719,Sawyer,9,2,1951,1979,1108,2247,1,1,3,8,2,400776
1137,30,RL,73,13063,Sawyer,2,4,1994,1994,929,1323,1,0,2,9,1,177311
1138,80,RL,75,12077,NWAmes,5,5,1894,1991,1449,1369,2,1,2,7,0,279814
1139,120,RL,87,8912,Gilbert,4,3,1962,1998,480,2227,1,0,2,8,2,302041
1140,50,RL,100,5512,CollgCr,5,5,1918,1963,765,1497,1,0,2,7,2,235790
1141,70,RL,62,9977,NWAmes,7,5,1936,2005,1360,896,1,0,3,8,2,223711
1142,120,RL,79,12763,NPkVill,3,6,1971,1996,1179,1844,1,0,3,8,2,259838
1143,180,RL,75,10789,CollgCr,6,6,1960,1960,778,2062,1,1,3,5,3,334861
1144,30,C (all),77,6238,MeadowV,6,5,2006,2006,1210,1399,2,0,3,7,2,305427
1145,190,RL,77,9836,NoRidge,6,5,1954,1973,732,1565,1,0,2,10,1,278966
1146,80,RL,101,9627,ClearCr,5,6,1958,1967,925,844,2,1,3,6,3,269508
1147,30,RL,60,10250,Sawyer,7,6,1889,1984,1467,1064,1,0,3,10,2,231116
1148,45,RM,39,12463,BrDale,4,4,1986,1986,1423,1333,2,0,4,7,2,264583
1149,20,RL,56,13325,BrkSide,5,8,1966,1966,1165,1538,1,1,4,7,2,294327
1150,50,RL,85,8499,Veenker,6,3,1946,1981,629,1190,2,0,3,7,2,275315
1151,90,RL,70,14424,IDOTRR,6,3,1941,2005,898,1314,2,1,3,8,2,308002
1152,20,RM,60,15026,Edwards,5,5,1986,1986,1088,1438,2,0,2,6,2,269446
1153,90,RL,48,11781,CollgCr,7,8,1972,1972,1632,1000,2,0,2,4,2,299737
1154,160,RL,74,13159,Veenker,5,5,1965,1965,337,1365,2,0,4,7,2,219690
1155,80,RL,82,14436,NWAmes,5,7,2000,2000,701,2077,2,1,3,10,1,311402
1156,60,RL,76,6109,Sawyer,3,5,1958,1997,1501,1201,2,0,3,7,1,201434
1157,70,RL,64,14718,Blmngtn,6,5,1889,1954,1594,1049,2,0,4,5,2,290319
1158,40,RM,72,7339,ClearCr,6,5,1908,1985,1022,2542,2,1,3,6,3,407383
1159,20,RL,72,7729,CollgCr,4,7,1975,1975,1665,1612,2,0,2,9,1,297110
1160,50,RL,73,11285,SawyerW,5,2,1889,1991,756,1113,1,1,2,4,1,263177
1161,180,RL,46,1923,CollgCr,7,5,1892,1994,446,1821,2,0,0,7,2,271144
1162,180,RM,73,11202,Mitchel,5,4,1926,1980,1366,1628,1,0,3,5,2,233525
1163,30,RL,61,14427,Edwards,5,7,1929,1959,1567,1214,2,0,3,6,2,262062
1164,50,RL,90,3916,MeadowV,6,5,1995,1995,1561,1475,1,0,4,6,1,273235
1165,80,RH,72,14856,Timber,4,5,1992,1992,704,1354,1,1,3,6,1,220375
1166,160,RM,86,7704,BrDale,8,5,1964,1971,1129,1995,2,1,2,8,2,233617
1167,90,RL,63,11327,Edwards,4,9,1932,1961,1385,1840,2,1,2,6,2,290609
1168,30,RL,64,8285,SawyerW,6,7,2009,2009,1170,428,1,1,3,6,3,255260
1169,180,RM,99,12791,NridgHt,6,6,1947,1976,1628,2451,1,0,4,6,2,402197
1170,40,RL,78,14599,Timber,7,5,1958,1982,887,1355,1,1,2,9,2,315938
1171,40,RM,55,13088,Timber,4,4,1936,2002,1021,2361,2,1,4,7,3,303487
1172,20,RM,87,10484,Veenker,6,8,1976,2001,1144,1858,1,0,3,5,1,347570
1173,80,RL,59,8596,SawyerW,6,5,1942,1969,1383,1624,2,0,2,4,2,343535
1174,60,RL,74,10222,IDOTRR,6,5,1944,1988,972,1452,2,1,4,7,1,251963
1175,180,RL,106,13123,NridgHt,6,5,1918,1990,1420,2879,2,0,1,9,2,379386
1176,190,RL,41,13261,Sawyer,6,8,1988,1989,1691,1364,1,1,3,6,1,364721
1177,80,RL,66,12703,Crawfor,8,5,1905,2008,842,1164,1,0,1,6,1,287714
1178,160,FV,78,5369,Timber,4,5,1891,1962,984,1209,2,0,4,8,3,208836
1179,90,RL,85,10407,MeadowV,2,7,1956,1963,1437,1500,2,0,4,7,2,200264
1180,50,RM,45,7966,BrkSide,7,5,1965,1993,1821,1499,1,0,4,7,3,264241
1181,180,RL,39,13159,Sawyer,4,5,1909,1989,1304,2002,2,0,2,5,2,197479
1182,40,RL,91,7440,OldTown,9,10,1931,2002,735,1879,1,0,2,5,2,315863
1183,50,RL,55,12308,NPkVill,6,8,1942,1971,1129,1879,1,0,3,6,0,282031
1184,50,RL,54,9371,SawyerW,6,7,1999,1999,1434,1385,1,1,2,5,2,258621
1185,50,RL,101,2983,Gilbert,4,6,1984,1997,724,1838,2,0,3,10,2,245527
1186,40,RL,71,14223,Mitchel,5,5,1918,1978,618,1890,1,1,3,4,0,218584
1187,160,RM,71,10398,Somerst,6,8,1920,1992,912,1460,1,0,2,7,2,210331
1188,120,RL,66,15603,Timber,8,5,2000,2000,1313,1639,1,1,3,7,1,325036
1189,45,RL,45,3838,NridgHt,9,7,1987,1995,502,1890,2,1,4,6,2,380055
1190,90,RL,83,9333,ClearCr,4,8,1944,1984,772,1605,2,0,5,9,2,234787
1191,190,RL,78,9634,Edwards,4,6,1997,2002,1159,1653,1,1,3,7,4,350053
1192,120,RL,73,11580,BrkSide,3,7,1958,1983,1486,2203,1,0,3,12,1,292922
1193,90,RL,67,5199,Veenker,7,7,1887,1952,1166,1609,1,0,2,5,2,340043
1194,30,RL,64,12676,Mitchel,5,5,1976,1976,1199,1196,2,1,2,5,2,267214
1195,80,RL,88,18146,CollgCr,1,6,1897,2003,1451,827,1,0,3,5,1,184269
1196,80,RL,67,12398,NoRidge,4,4,1975,1975,1688,1556,2,0,5,6,2,224856
1197,70,RM,68,10871,NoRidge,5,5,1912,1959,1644,1334,1,0,2,6,1,297462
1198,80,RL,80,4990,Blmngtn,10,4,1884,2001,233,1904,1,1,2,9,1,322824
1199,40,RL,74,7403,Blueste,6,5,2006,2006,1089,2288,1,1,2,6,1,388668
1200,190,RL,102,10276,Crawfor,4,7,1953,1981,1415,985,2,0,2,9,2,232097
1201,60,RL,34,8380,BrkSide,5,9,2005,2005,1729,1057,2,1,2,7,1,340545
1202,20,RM,75,14605,Blmngtn,5,5,1884,1951,1306,1487,2,1,3,7,2,288121
1203,70,RL,55,12634,BrDale,2,5,1913,1961,706,1100,1,1,3,6,1,154071
1204,20,RL,51,21269,NAmes,4,5,1903,1976,759,1388,1,0,2,5,1,261565
1205,90,RL,60,6576,Sawyer,6,8,1974,1974,770,1231,2,1,2,9,1,218411
1206,20,RL,71,10632,Veenker,4,5,1950,1986,1173,996,2,1,3,5,2,194881
1207,20,RL,71,4966,NridgHt,5,6,1971,1976,858,1912,2,0,3,8,1,339020
1208,70,RL,39,1610,Sawyer,5,8,2004,2004,0,1537,1,1,2,7,1,256629
1209,30,RM,59,13390,Blmngtn,7,5,1901,1982,578,2415,0,0,4,9,2,332941
1210,50,RL,75,12486,Somerst,6,8,1894,1953,872,1679,1,0,3,8,2,260040
1211,80,RL,52,7081,Gilbert,6,8,1980,2008,505,2144,2,1,3,6,1,340879
1212,80,RL,47,10872,Veenker,6,8,1894,1970,564,1135,2,1,4,7,2,232274
1213,40,RL,24,7982,Veenker,6,5,1932,1973,1870,1129,2,0,3,4,1,287021
1214,70,RL,56,8523,Sawyer,1,5,1981,1993,1046,2610,1,0,4,7,2,232763
1215,40,RL,47,9218,Edwards,8,7,1992,1992,895,1195,2,1,4,5,2,302336
1216,60,RM,50,6913,NAmes,4,5,1911,1993,1316,1025,1,1,2,6,1,227892
1217,60,RL,64,7633,CollgCr,5,6,1900,1997,1508,914,1,1,4,5,1,253305
1218,40,RM,58,7746,NPkVill,7,4,1962,1973,1946,2457,2,1,2,10,2,404417
1219,70,RH,46,12191,OldTown,5,3,1893,1998,1732,1362,2,1,2,7,2,260737
1220,40,RM,27,1300,Edwards,8,5,1894,2002,1223,1701,2,0,4,9,1,326414
1221,80,RL,76,9589,Gilbert,5,5,1913,1959,436,1575,2,1,4,4,1,276802
1222,120,RL,85,6149,SawyerW,7,5,1962,1998,649,1138,1,0,3,7,2,212583
1223,45,RL,62,6293,MeadowV,7,5,1888,1998,889,1351,2,1,2,6,2,270685
1224,190,C (all),64,8397,NPkVill,9,5,1956,1999,1252,1922,2,0,3,6,1,364536
1225,20,RL,70,10442,NAmes,8,6,1888,1951,1087,887,1,0,3,9,1,226612
1226,45,RL,101,9642,OldTown,8,6,1915,1980,460,1837,2,1,2,11,1,343928
1227,70,RL,38,6243,Sawyer,7,5,1996,1996,389,2217,2,2,6,6,1,350743
1228,160,RL,61,13386,IDOTRR,5,5,1882,1953,1153,1646,1,1,3,10,2,311021
1229,45,C (all),35,6889,Mitchel,4,4,1898,2000,1098,2166,1,1,2,7,0,351734
1230,190,RH,77,7561,Gilbert,6,5,1902,1960,966,814,1,0,2,10,2,249943
1231,60,RL,67,11637,StoneBr,9,6,1983,1983,1243,584,2,1,3,7,3,292054
1232,90,RL,74,11781,MeadowV,6,5,1984,1993,1548,1621,2,0,3,10,2,360939
1233,20,RL,73,8053,Somerst,8,5,1925,1951,1174,1206,2,0,2,9,2,274043
1234,190,RL,89,1300,NridgHt,7,6,1894,1955,673,1939,1,0,3,5,2,325843
1235,50,RL,80,6958,NPkVill,4,3,1930,1958,1816,1344,2,1,2,6,2,310142
1236,160,RM,86,11147,NridgHt,5,8,1989,1989,979,1573,2,2,3,6,2,317972
1237,70,RL,48,13254,ClearCr,5,2,1887,1969,1069,1540,1,1,3,7,2,318725
1238,20,RL,93,10182,ClearCr,4,9,1948,1978,788,1556,2,0,2,8,2,242458
1239,45,RH,55,8584,NPkVill,6,5,1942,1970,620,1228,2,0,3,8,1,274974
1240,60,RL,56,19672,Gilbert,9,5,1947,1958,652,817,1,0,3,8,2,286833
1241,30,RL,75,9010,Blueste,7,5,1885,1977,564,1390,1,0,3,6,2,279602
1242,120,FV,76,12948,Gilbert,5,2,1998,2004,0,2225,2,0,3,5,0,281270
1243,50,RL,48,5159,Sawyer,1,5,1936,1957,987,1195,2,1,4,6,2,207018
1244,160,RM,66,6139,Veenker,5,4,1910,1980,1490,1192,2,1,5,8,2,259950
1245,120,C (all),99,13089,BrkSide,6,6,1885,1969,656,1578,2,0,2,5,2,210481
1246,20,FV,40,14678,IDOTRR,5,5,1946,1976,2073,911,1,0,3,6,3,286983
1247,60,RL,99,8941,StoneBr,4,6,1953,1957,1604,2001,1,1,2,6,1,308662
1248,60,RL,65,3105,Sawyer,5,5,1993,2003,1042,959,2,1,1,5,1,240087
1249,190,RL,23,9829,BrDale,5,8,1976,1976,605,1355,1,1,2,6,3,284307
1250,45,RM,42,11257,NoRidge,8,5,1959,1977,411,2769,2,0,5,5,3,373378
1251,190,RM,50,10895,Somerst,4,4,2002,2002,1004,928,1,0,3,10,2,225979
1252,80,RL,57,8246,IDOTRR,3,5,1912,1955,1077,2236,1,2,2,5,1,322338
1253,45,RL,67,9888,NoRidge,1,5,1923,1952,968,1560,1,0,2,9,2,279008
1254,80,RL,20,7500,MeadowV,5,5,1892,1954,1477,1631,1,1,4,5,1,307225
1255,190,RL,73,6052,Edwards,6,5,1936,1958,1648,1095,2,0,3,9,3,265796
1256,80,RL,48,13522,NWAmes,7,6,1975,1975,1239,1899,1,0,3,7,2,346942
1257,50,RL,97,10891,Timber,5,8,1988,2009,1260,1317,2,1,4,8,1,272840
1258,190,FV,64,9897,StoneBr,6,5,1999,1999,923,926,2,0,3,9,3,299827
1259,45,RL,88,8471,StoneBr,5,9,1979,1988,1048,2227,1,1,2,7,2,327720
1260,180,RL,92,9779,Timber,6,8,1990,1990,1214,1307,1,0,3,9,3,328010
1261,190,RL,91,11141,Somerst,3,7,1930,1960,923,570,2,2,4,7,3,246092
1262,30,RL,58,17414,NridgHt,5,5,1900,1964,1314,1365,1,0,4,8,0,176168
1263,160,RL,58,13118,Edwards,7,4,1939,1983,627,1904,3,0,2,6,1,277522
1264,40,RL,65,7834,Blueste,7,5,1900,1962,757,1824,2,0,2,9,2,345495
1265,40,RM,82,7876,OldTown,6,6,1986,2003,631,1179,1,1,2,8,3,273151
1266,45,RM,59,7253,NridgHt,4,5,2005,2005,782,1011,2,1,3,5,4,276655
1267,45,RL,67,9697,NWAmes,5,4,1952,1956,935,816,1,0,3,7,2,225715
1268,120,RL,75,7250,SWISU,10,5,1955,1989,1461,1488,1,0,2,9,1,432735
1269,160,RL,51,12399,Blmngtn,4,2,1957,1957,1066,1575,2,1,3,8,1,298250
1270,160,RL,50,1300,Blueste,4,6,1944,2005,536,1854,1,1,3,10,2,272537
1271,50,RL,66,12640,StoneBr,4,3,1965,1988,489,1425,2,1,3,6,2,300328
1272,45,RL,69,11601,Sawyer,5,6,1913,1999,883,1410,2,1,4,6,2,267514
1273,160,RL,78,15550,BrkSide,4,7,1935,1979,1383,1360,1,0,3,7,2,259846
1274,120,RL,83,14007,NoRidge,6,4,1954,1971,1611,1576,1,0,3,6,2,378130
1275,80,RL,48,7765,BrDale,5,5,1882,1974,413,1433,0,0,3,6,3,194847
1276,60,C (all),53,13557,MeadowV,8,6,1885,1977,1198,1969,1,1,4,7,2,343675
1277,60,RL,50,9827,SawyerW,3,5,1885,2003,889,1655,1,0,2,5,1,235545
1278,80,RL,98,2762,Blueste,5,4,1881,1969,920,1554,2,0,4,6,2,249645
1279,70,RL,67,11135,Veenker,6,5,1969,1988,624,1479,2,1,2,5,3,255673
1280,120,RM,70,8002,Veenker,6,5,1935,1952,961,1029,2,0,0,8,2,253659
1281,160,RL,71,10500,Edwards,6,5,1975,1975,606,1499,1,1,2,6,1,208542
1282,180,RL,55,17105,BrkSide,7,4,1889,1950,943,1176,2,1,5,6,1,320299
1283,120,RL,101,11399,SawyerW,3,5,1966,1966,1509,1673,2,2,3,7,1,321894
1284,190,RM,78,6430,Crawfor,7,5,1949,1975,1302,1395,1,0,1,5,1,297824
1285,80,RL,70,14357,BrkSide,6,7,1992,1992,1815,2332,1,0,6,9,2,348079
1286,30,RM,47,11950,SawyerW,4,5,1909,1989,1260,869,1,1,3,6,1,164558
1287,90,FV,46,5959,NPkVill,8,7,2007,2007,1119,334,2,0,4,9,2,241122
1288,20,RL,63,4075,Blmngtn,6,5,1957,1990,1271,1633,2,0,2,7,1,358594
1289,80,RM,56,6590,Veenker,4,6,1934,1996,739,1178,2,1,2,8,1,218025
1290,180,RL,48,13845,OldTown,3,5,1928,1991,215,1580,2,0,3,6,2,201153
1291,160,RM,62,9293,BrkSide,4,6,1913,1983,1368,882,2,1,3,5,2,227727
1292,180,RL,65,10824,Edwards,6,5,1984,2001,331,2454,1,1,3,8,1,290157
1293,180,RM,72,5145,Veenker,4,6,1901,1954,1498,1306,2,0,3,6,2,191620
1294,45,RL,59,13952,Somerst,4,5,1910,1980,1350,1146,2,0,3,8,1,218979
1295,45,RL,49,2439,Blmngtn,2,5,1984,2000,710,2445,1,0,2,6,2,233218
1296,50,RL,50,7878,OldTown,6,5,1895,1962,875,1920,2,0,3,8,2,313779
1297,80,RL,94,12173,Mitchel,7,7,1899,1992,1045,2194,1,1,3,9,3,388276
1298,50,RL,44,6009,BrkSide,7,6,1922,1950,681,1413,1,0,2,11,2,251472
1299,80,RL,77,12956,CollgCr,4,5,1926,1971,1266,1523,2,0,2,6,2,268564
1300,120,RL,80,7023,BrkSide,8,6,1993,1993,1301,1201,2,1,3,6,2,316941
1301,20,RL,67,5595,Sawyer,6,6,1898,1975,472,1143,1,0,4,11,2,214024
1302,180,RM,105,15645,BrDale,8,8,1927,1967,720,1699,2,0,2,9,2,207017
1303,120,RL,80,11115,NoRidge,5,7,1924,1997,1035,1315,1,1,2,4,1,209185
1304,90,RL,106,12576,Crawfor,5,6,1966,1966,1506,2610,2,0,1,7,2,310076
1305,60,RL,56,14572,Sawyer,7,5,1894,1950,1310,1921,1,1,4,5,1,319477
1306,40,RL,57,1300,MeadowV,4,6,1989,1992,117,2441,1,1,3,12,4,320857
1307,190,RH,80,13039,NridgHt,6,5,1975,1975,933,385,1,1,5,5,2,270656
1308,80,RL,64,7455,IDOTRR,7,9,1981,1981,1239,2447,1,1,4,7,3,318524
1309,90,RL,103,7982,Somerst,7,5,1965,1992,730,334,1,0,3,7,2,203706
1310,60,RH,76,12249,NAmes,8,3,1960,1994,699,869,2,1,2,9,1,239156
1311,160,RM,49,9047,SawyerW,6,3,1930,2007,751,623,1,1,3,8,1,210600
1312,70,RL,35,12878,Timber,4,6,1991,1991,926,1621,1,0,1,6,3,288328
1313,20,RM,68,10336,Edwards,2,8,1894,1963,658,1490,1,0,2,7,2,217684
1314,50,C (all),68,11172,Crawfor,5,1,1944,1987,1313,1897,1,1,2,10,2,216389
1315,50,RL,76,8539,Veenker,6,6,1967,1989,705,1455,1,0,3,8,1,316716
1316,120,RL,94,6240,NridgHt,5,6,1955,1967,635,2112,0,1,3,7,3,326706
1317,45,RL,91,7538,BrkSide,4,6,1889,1965,890,1033,1,1,3,8,1,232500
1318,60,RL,58,10088,Crawfor,6,5,1921,2002,1641,2124,1,0,3,6,1,208060
1319,70,RL,44,17848,Gilbert,7,7,1974,1978,1260,1484,2,0,2,8,3,363552
1320,90,RL,45,16387,ClearCr,10,3,1890,1993,1285,2677,2,0,3,6,3,355426
1321,20,RL,55,7886,MeadowV,7,6,1997,1997,1164,1935,1,0,3,6,1,307451
1322,60,RL,62,10741,IDOTRR,7,5,2004,2004,671,1348,1,0,2,9,3,369475
1323,70,RL,76,9349,Veenker,6,5,1957,1957,793,1482,1,1,3,4,1,297401
1324,40,RL,53,11021,Timber,9,7,1969,1969,726,995,0,1,3,6,1,259939
1325,80,RL,75,11535,Blmngtn,6,5,1887,2009,1486,1679,1,1,2,6,2,333953
1326,50,RL,77,12610,OldTown,7,5,1990,1990,1168,1347,2,1,2,5,2,322692
1327,90,RL,72,1300,Sawyer,8,6,1937,1981,383,1862,1,0,6,8,1,286644
1328,50,RM,47,11965,Gilbert,8,5,1965,1980,1631,831,3,1,2,7,1,312448
1329,90,RL,79,8904,Blueste,5,5,1934,1960,917,1335,1,0,3,5,1,232738
1330,120,RL,111,7680,StoneBr,3,5,2001,2001,1311,920,2,0,4,7,2,242428
1331,45,RL,74,13677,OldTown,4,3,1987,1987,1470,951,2,0,3,7,3,272274
1332,90,RL,20,16367,OldTown,3,5,1927,1999,25,1803,1,0,2,5,1,230499
1333,50,RL,94,13256,Crawfor,4,4,2008,2008,1231,2062,1,0,4,8,2,394249
1334,120,RM,55,8425,Crawfor,4,8,1926,1982,948,334,2,0,3,6,1,200966
1335,90,RM,115,6195,NAmes,5,3,1884,1973,81,2430,2,0,3,8,2,324161
1336,40,RL,72,1300,Blmngtn,6,5,1903,1950,596,2202,1,2,3,5,1,270385
1337,45,RL,36,11230,Timber,6,3,1897,1993,868,826,1,0,3,6,2,181411
1338,90,C (all),28,12816,NoRidge,4,4,1963,1964,1388,1913,1,1,6,5,1,275474
1339,120,RL,100,10092,Timber,6,6,1884,1986,979,1269,1,0,4,5,3,250269
1340,160,RL,92,14234,IDOTRR,6,6,1909,1976,1109,1450,2,0,3,9,1,292998
1341,60,RM,114,5219,StoneBr,6,3,1880,1987,907,1801,2,0,4,5,2,277777
1342,30,RL,70,9815,BrkSide,8,1,1965,1997,1485,1739,1,0,4,5,2,416263
1343,70,RL,68,9498,NPkVill,4,3,1961,1976,1258,1213,1,1,5,10,2,185265
1344,30,RL,62,10059,NAmes,4,6,1948,1993,1115,1211,1,0,3,7,1,223864
1345,160,RM,56,15171,Mitchel,5,6,1910,1961,592,1240,2,0,2,5,2,250210
1346,30,RL,62,10080,NridgHt,4,3,1970,1970,1097,2071,2,0,3,10,2,251673
1347,160,RL,74,9320,ClearCr,6,5,1972,1979,2162,569,1,0,2,5,2,311828
1348,20,RL,53,6753,Crawfor,5,6,2006,2006,1368,1419,1,1,3,8,1,315830
1349,160,RL,36,15814,NPkVill,5,7,1895,1972,754,2286,2,0,2,4,2,277180
1350,160,RL,73,4775,MeadowV,4,8,1933,1951,1790,1851,1,0,4,7,3,427730
1351,180,RL,52,8288,IDOTRR,5,5,1899,1956,736,2025,1,0,3,7,1,226605
1352,160,RL,20,17275,NridgHt,6,4,1961,1983,1335,1425,1,0,3,5,2,235123
1353,40,RL,81,12372,ClearCr,6,5,1988,1988,1031,918,1,0,3,7,2,244310
1354,60,RM,47,10419,OldTown,4,6,1992,2002,1122,1527,1,0,2,7,1,267467
1355,80,RL,83,10586,NoRidge,4,9,1896,1988,1137,1155,2,0,3,8,2,174975
1356,90,RH,82,6714,NAmes,2,5,2005,2005,950,2615,2,1,3,9,3,335871
1357,70,RL,75,10225,OldTown,2,5,1882,1992,894,1420,1,1,4,7,0,253711
1358,45,RL,119,9100,Somerst,7,5,1896,1992,523,1818,1,0,2,7,2,232473
1359,60,RL,67,11218,MeadowV,3,5,1929,1963,599,2351,2,0,2,7,2,280091
1360,50,FV,64,4475,NAmes,7,5,2001,2001,1183,951,1,0,3,8,1,316797
1361,80,RL,83,12091,Edwards,7,6,1969,1995,776,360,1,1,1,6,1,251822
1362,20,RL,68,14566,Edwards,4,2,1966,1981,685,1745,1,0,2,7,3,362346
1363,20,RL,93,9684,NPkVill,5,5,1885,1992,2180,1839,2,1,2,7,2,290539
1364,190,RL,44,13088,ClearCr,9,6,1934,1985,2045,1292,1,0,3,11,1,438961
1365,160,RL,44,11741,ClearCr,7,3,1981,1981,1282,921,1,0,2,7,1,271835
1366,60,FV,85,8069,NoRidge,6,4,1908,1997,1338,1654,1,1,3,6,2,274001
1367,120,RL,46,6265,NridgHt,7,5,1990,1990,725,1488,1,0,5,7,2,385317
1368,180,RM,82,6826,SawyerW,7,7,1889,2006,575,1661,2,0,3,8,2,269662
1369,30,RL,77,11671,BrkSide,5,6,1970,1970,913,933,2,0,3,8,3,292147
1370,50,RL,56,10275,NoRidge,8,2,1908,2002,1050,1662,1,0,3,8,2,294971
1371,20,RL,77,15600,NAmes,5,5,1924,1996,1335,1909,1,1,2,9,3,249822
1372,70,RL,45,13663,BrkSide,6,5,1930,1989,317,747,2,1,1,6,2,178530
1373,20,RM,50,13655,SawyerW,10,6,1980,1980,1908,2230,1,0,2,7,1,453273
1374,45,RH,65,11552,Edwards,7,6,2007,2007,1149,1627,2,0,3,8,2,272591
1375,90,RL,71,6651,Somerst,5,7,1890,1988,429,1925,2,0,3,6,2,257370
1376,20,RL,63,11801,Sawyer,2,5,1961,1961,1112,860,1,1,4,6,1,168653
1377,45,RL,78,10755,SawyerW,6,10,2007,2007,689,1841,2,0,4,8,1,258131
1378,60,C (all),77,5946,NWAmes,6,9,1885,1958,660,677,1,0,2,8,2,193281
1379,60,RL,100,15339,StoneBr,6,7,1946,1995,625,1025,1,0,3,10,2,256045
1380,180,RL,68,14909,SWISU,9,5,1941,2004,947,1631,2,0,1,12,3,191066
1381,190,RM,93,5923,StoneBr,7,5,1907,1995,1891,1362,2,1,3,6,3,362814
1382,80,RL,88,7948,Timber,5,5,1917,1960,1087,1513,2,1,2,9,1,208067
1383,20,RL,115,8300,SawyerW,3,2,1922,2009,1327,2463,2,0,4,5,2,246373
1384,70,RL,67,12939,SawyerW,5,5,1996,1996,1425,1505,1,1,4,7,0,214435
1385,20,FV,61,12478,NPkVill,6,6,1925,1985,992,1854,1,0,1,6,1,302468
1386,190,RL,95,10677,Veenker,6,6,1928,1975,585,1466,1,0,3,6,1,314384
1387,70,RL,77,11595,Sawyer,6,8,1918,1976,410,1451,2,0,3,10,2,254420
1388,40,RL,95,5349,Blmngtn,5,3,1950,1987,895,1010,1,0,3,6,1,246564
1389,160,RL,84,12025,SawyerW,5,4,2006,2006,1507,1684,0,1,3,7,2,332927
1390,80,RL,27,10096,BrkSide,5,7,1880,1975,1424,2767,2,1,3,5,1,366583
1391,40,RL,77,7783,CollgCr,6,5,1948,1971,1152,1543,1,0,4,5,2,248914
1392,190,RL,76,4369,IDOTRR,4,4,1909,1954,1205,1366,1,0,3,6,3,318526
1393,20,RL,72,10607,Edwards,5,10,1994,1994,995,2070,1,0,3,7,4,314893
1394,190,RL,67,11927,ClearCr,5,7,1887,1951,857,2011,1,1,4,6,2,294633
1395,190,RL,38,3690,MeadowV,6,5,1992,1992,754,1719,1,1,5,6,2,292825
1396,80,RM,87,10573,CollgCr,3,7,1898,1958,461,1345,1,0,3,7,2,192612
1397,40,RL,77,10988,Timber,7,6,1938,2000,1768,2072,1,1,2,5,2,403434
1398,30,RM,92,8283,SWISU,6,7,1958,2000,1118,1560,1,1,3,6,2,323037
1399,20,RM,39,12019,SawyerW,6,7,1915,1998,873,1956,1,0,5,10,1,195418
1400,40,RL,80,9969,MeadowV,6,4,1934,1967,1778,1090,1,0,2,6,2,301951
1401,30,RL,65,11632,Edwards,5,6,1923,1992,1854,1206,1,1,3,6,2,362250
1402,30,RL,72,12636,Edwards,5,1,1956,1961,2148,1548,1,0,2,8,2,318410
1403,60,RL,65,12639,Veenker,8,3,1957,1957,950,882,1,0,3,8,2,260770
1404,180,RL,80,14567,Timber,7,8,1980,1980,1092,1315,2,0,4,8,2,282824
1405,20,RL,66,11853,NridgHt,9,5,1909,2005,1310,860,2,0,3,12,2,272332
1406,30,RL,48,8591,OldTown,7,6,1918,1987,1714,727,1,1,3,5,0,210226
1407,60,RM,71,7908,ClearCr,4,7,1892,1956,1074,2717,1,0,4,11,1,295632
1408,40,RL,65,6246,Crawfor,3,8,2001,2001,656,1195,2,0,2,10,2,218230
1409,45,RM,68,11104,NAmes,6,7,1991,1991,748,1239,2,0,4,8,1,286442
1410,20,RL,20,15785,ClearCr,5,5,1924,1967,1520,1540,2,1,3,6,1,252617
1411,80,RM,83,9066,Edwards,5,5,1998,1998,1298,969,1,0,3,9,2,339512
1412,190,RL,63,12298,IDOTRR,7,4,1914,1971,980,1249,2,0,3,6,2,240568
1413,70,RL,43,7490,Edwards,5,5,1886,2000,954,2417,2,0,3,8,3,324773
1414,70,RL,88,11279,NPkVill,5,5,1989,1989,980,1679,1,1,4,5,2,256188
1415,40,RL,82,15537,Timber,7,5,1993,2000,1545,1993,1,1,5,8,3,334188
1416,120,RL,63,13244,NridgHt,7,6,1930,1958,734,2286,1,1,4,7,0,299639
1417,120,FV,46,4216,Timber,5,9,1925,1984,564,1605,1,0,2,5,1,256813
1418,40,RL,73,12782,StoneBr,7,6,1899,1972,1776,1389,1,1,3,9,1,334421
1419,30,RL,72,12964,Blmngtn,7,6,1975,1975,1060,783,2,0,3,7,1,240784
1420,180,RL,88,11193,CollgCr,5,5,1917,2001,1018,1308,1,1,4,7,2,197653
1421,20,RM,61,13170,NAmes,3,3,1983,1983,1318,1418,0,0,3,6,2,305134
1422,70,RL,93,7165,MeadowV,1,5,1911,1999,654,1096,2,1,5,9,3,154555
1423,70,RL,59,10753,Gilbert,6,6,1937,1989,1350,2272,1,0,5,7,3,334035
1424,180,RL,43,14940,BrDale,5,5,1961,1961,896,2051,1,1,3,6,2,303373
1425,30,RL,47,14579,IDOTRR,10,6,1929,1962,1500,1992,1,1,4,7,2,378467
1426,70,RL,68,12692,CollgCr,7,5,1931,1989,436,1441,1,0,6,7,1,210874
1427,190,RH,68,6968,SawyerW,7,4,1965,2003,1230,983,1,1,4,7,2,319554
1428,80,RL,76,6338,MeadowV,8,5,1994,1994,957,2164,2,0,3,6,3,213892
1429,20,RM,68,10958,NWAmes,8,5,1932,1966,768,1667,1,1,4,6,0,338499
1430,90,RL,89,11223,MeadowV,5,5,1945,1956,1358,1886,2,1,2,7,2,354935
1431,70,RL,64,10098,ClearCr,4,6,1996,1996,990,1809,1,2,3,9,3,332008
1432,40,RM,30,7280,Sawyer,7,6,1922,2004,1236,1655,2,0,2,8,1,287745
1433,80,RL,67,12247,IDOTRR,5,5,1961,1999,1556,2499,2,0,2,6,3,362222
1434,70,RM,29,10940,Somerst,5,7,1943,1973,1366,1171,2,1,4,6,0,218591
1435,160,RL,75,11659,IDOTRR,6,5,1992,1992,617,1345,1,1,3,7,3,287819
1436,190,RL,91,12873,SWISU,8,9,1933,1984,833,2320,2,0,2,9,2,386521
1437,80,RM,50,9405,Blueste,5,5,1944,1977,1233,1541,2,0,3,3,1,225270
1438,60,RL,98,8544,Blmngtn,7,6,1881,1968,1367,1437,2,0,5,8,1,279499
1439,90,RL,86,14930,NAmes,5,5,1957,1982,893,1373,1,1,4,6,2,243900
1440,50,RL,94,7470,NridgHt,6,5,1911,1970,1129,1839,1,1,1,5,3,365967
1441,40,RL,73,8623,Blueste,1,5,1979,2002,1126,1385,1,0,5,4,2,184440
1442,40,FV,50,15436,ClearCr,7,5,2009,2009,1182,1329,1,0,3,9,3,349349
1443,20,RL,85,8311,Blmngtn,3,5,1983,2002,578,1831,2,0,3,9,2,251637
1444,180,RL,57,10105,SWISU,6,5,1968,1995,483,1546,2,0,3,5,0,252327
1445,80,RL,72,8852,Blueste,3,10,1928,1994,146,995,2,1,4,7,2,201783
1446,30,RL,66,3367,StoneBr,5,7,1966,1966,1092,1516,1,0,4,5,2,262308
1447,40,RL,92,10006,Veenker,6,6,1887,1987,504,2197,1,1,2,8,2,301961
1448,80,RL,84,6457,Blmngtn,5,7,1980,1980,1904,1882,1,1,3,7,1,368234
1449,80,RM,68,11518,ClearCr,4,9,1895,2000,1311,2258,1,0,3,6,1,253127
1450,160,RL,30,14922,CollgCr,5,5,1919,2002,577,1134,2,0,3,5,2,241929
1451,45,RL,57,1643,OldTown,6,5,1985,1991,1504,2035,1,1,3,8,1,371413
1452,45,RL,84,8872,Blueste,6,7,1906,2004,1504,1175,2,0,3,7,2,294202
1453,50,RL,75,12309,IDOTRR,3,6,1983,1984,1537,883,1,1,3,3,3,286450
1454,60,RL,39,1766,BrkSide,7,5,1984,1984,726,1098,2,0,2,7,0,253332
1455,50,RL,33,15845,Veenker,3,5,1914,2002,1336,1565,1,1,3,8,2,272927
1456,70,RL,73,12019,Blueste,6,5,1992,1992,1544,2013,1,0,3,7,2,395579
1457,30,RL,48,14832,BrDale,5,8,1931,1954,1678,1655,1,0,3,6,0,206389
1458,70,RL,50,8244,Mitchel,6,5,1932,1974,440,1423,1,0,5,7,2,245886
1459,120,RM,83,8726,BrDale,5,9,1970,1970,962,983,2,1,2,7,1,249339
1460,70,C (all),94,9856,Blueste,9,8,1960,1960,712,1852,2,2,3,7,1,380372
